acc_motion_aae,acc_motion_hit_rate_5bpm,acc_rest_aae,acc_rest_hit_rate_5bpm,acc_total_aae,acc_total_hit_rate_5bpm,adaptive_filter,analysis_scope,data_date,data_path,fft_motion_aae,fft_motion_hit_rate_5bpm,fft_rest_aae,fft_rest_hit_rate_5bpm,fft_total_aae,fft_total_hit_rate_5bpm,fs_target,hf_motion_aae,hf_motion_hit_rate_5bpm,hf_rest_aae,hf_rest_hit_rate_5bpm,hf_total_aae,hf_total_hit_rate_5bpm,hr_range_hz,hr_range_rest,klms_epsilon,klms_sigma,klms_step_size,lms_mu_base,max_order,motion_end_s,motion_label,motion_start_s,motion_type,raw_data_path,reference_order_key,report_rel,research_bucket,sample,sample_stem,slew_limit_bpm,slew_limit_rest,slew_step_bpm,slew_step_rest,smooth_win_len,spec_penalty_width,subject,time_bias,unreliable_windows,used_adaptive_windows
7.52564677687056,0.581081081081081,1.7311506590899868,0.9117647058823529,3.773020719641236,0.7952380952380952,lms,full,20260512,D:\data\PPG_HeartRate\Algorithm\Algorithm\outline-PPGtoHR\data\20260512\group_test\multi_tiaosheng4.csv,25.30890021058549,0.28378378378378377,2.4489959026561707,0.9044117647058824,10.504390754021742,0.6857142857142857,100,7.179273746611978,0.6081081081081081,1.8819003144208697,0.9044117647058824,3.748593809573927,0.8,0.5833333333333334,1.0,,,,0.012,8,139.0,跳绳,66.0,tiaosheng,D:\data\PPG_HeartRate\Algorithm\Algorithm\outline-PPGtoHR\data\20260512\group_test\multi_tiaosheng4.csv,HF,20260512+19/20260512-alltiaosheng/20260616_101037_raw_bandpass_full_LMS+H/json/multi_tiaosheng4-green-raw_bandpass-lms-full-HF-v2.json,20260512+19,multi_tiaosheng4.csv,multi_tiaosheng4,12,1.0,5,0.5,7,0.2,LYX,5.5,0,84
39.77220949683567,0.09722222222222222,5.441380296747547,0.8,17.382538279386896,0.5555555555555556,lms,full,20260512,D:\data\PPG_HeartRate\Algorithm\Algorithm\outline-PPGtoHR\data\20260512\group_test\multi_tiaosheng5.csv,31.227952571658534,0.125,4.6970226578586605,0.8,13.9251721930934,0.5652173913043478,100,4.473130033297526,0.625,2.1242072643401313,0.9111111111111111,2.94122387962966,0.8115942028985508,0.3333333333333333,0.8333333333333334,,,,0.01,20,128.0,跳绳,57.0,tiaosheng,D:\data\PPG_HeartRate\Algorithm\Algorithm\outline-PPGtoHR\data\20260512\group_test\multi_tiaosheng5.csv,HF,20260512+19/20260512-alltiaosheng/20260616_101037_raw_bandpass_full_LMS+H/json/multi_tiaosheng5-green-raw_bandpass-lms-full-HF-v2.json,20260512+19,multi_tiaosheng5.csv,multi_tiaosheng5,12,1.0,7,0.5,9,0.2,LYX,4.5,0,99
10.20343212035754,0.5205479452054794,2.9922705114155868,0.828125,5.611249603220375,0.7164179104477612,lms,full,20260512,D:\data\PPG_HeartRate\Algorithm\Algorithm\outline-PPGtoHR\data\20260512\group_test\multi_tiaosheng6.csv,38.33767264289691,0.1232876712328767,4.582716983583564,0.8203125,16.841979486717268,0.5671641791044776,50,5.146151927494061,0.6986301369863014,2.3914113568379767,0.8671875,3.391889275533967,0.8059701492537313,0.4166666666666667,1.3333333333333333,,,,0.012,12,129.0,跳绳,57.0,tiaosheng,D:\data\PPG_HeartRate\Algorithm\Algorithm\outline-PPGtoHR\data\20260512\group_test\multi_tiaosheng6.csv,HF,20260512+19/20260512-alltiaosheng/20260616_101037_raw_bandpass_full_LMS+H/json/multi_tiaosheng6-green-raw_bandpass-lms-full-HF-v2.json,20260512+19,multi_tiaosheng6.csv,multi_tiaosheng6,12,1.0,9,0.5,9,0.2,LYX,5,0,92
2.9224934764265,0.8354430379746836,3.382446975920883,0.7786885245901639,3.201669232338514,0.8009950248756219,lms,full,20260512,D:\data\PPG_HeartRate\Algorithm\Algorithm\outline-PPGtoHR\data\20260512\group_test\multi_tiaosheng7.csv,17.235209132311006,0.20253164556962025,3.373441788933178,0.7786885245901639,8.8215991029971,0.5522388059701493,50,3.443214013149718,0.7974683544303798,3.373441788933178,0.7786885245901639,3.400864702928734,0.7860696517412935,0.5833333333333334,1.3333333333333333,,,,0.01,16,135.0,跳绳,57.0,tiaosheng,D:\data\PPG_HeartRate\Algorithm\Algorithm\outline-PPGtoHR\data\20260512\group_test\multi_tiaosheng7.csv,HF,20260512+19/20260512-alltiaosheng/20260616_101037_raw_bandpass_full_LMS+H/json/multi_tiaosheng7-green-raw_bandpass-lms-full-HF-v2.json,20260512+19,multi_tiaosheng7.csv,multi_tiaosheng7,14,6.0,9,4.0,9,0.2,LYX,4,0,89
54.99393498282938,0.09375,18.20416144277618,0.539568345323741,29.80290778052695,0.39901477832512317,klms,full,20260519,D:\data\PPG_HeartRate\Algorithm\Algorithm\outline-PPGtoHR\data\20260519\multi_bobi1.csv,53.699113311980824,0.125,18.95303711555217,0.5539568345323741,29.90746507895825,0.4187192118226601,100,5.823622155552613,0.59375,3.378762160516195,0.8345323741007195,4.149555459443933,0.7586206896551724,0.4166666666666667,0.8333333333333334,0.1,5.0,0.05,0.01,16,125.0,波比跳,63.0,bobi,D:\data\PPG_HeartRate\Algorithm\Algorithm\outline-PPGtoHR\data\20260519\try_2.0\klms\multi_bobi1.csv,HF,20260512+19/20260519/20260519_230242_full_K-LMS+H/json/multi_bobi1-green-klms-full-HF-v2.json,20260512+19,multi_bobi1.csv,multi_bobi1,12,1.0,9,0.5,9,0.3,LYX,4.5,0,121
34.08571605709229,0.3150684931506849,3.249447208156206,0.7846153846153846,14.33835176959628,0.6157635467980296,klms,full,20260519,D:\data\PPG_HeartRate\Algorithm\Algorithm\outline-PPGtoHR\data\20260519\multi_bobi2.csv,55.11997933802987,0.10810810810810811,7.661740600477245,0.6976744186046512,24.96178821909249,0.4827586206896552,25,4.272034094951542,0.7027027027027027,3.251357242919105,0.7751937984496124,3.6234266372560526,0.7487684729064039,0.5833333333333334,1.3333333333333333,0.1,5.0,0.5,0.012,8,127.0,波比跳,66.0,bobi,D:\data\PPG_HeartRate\Algorithm\Algorithm\outline-PPGtoHR\data\20260519\trynew2.0\multi_bobi2.csv,HF,20260512+19/20260519/20260519_230242_full_K-LMS+H/json/multi_bobi2-green-raw_bandpass-klms-full-HF-v2.json,20260512+19,multi_bobi2.csv,multi_bobi2,14,1.0,9,4.0,7,0.1,LYX,4,0,94
49.52357859644923,0.04411764705882353,16.133264364213098,0.5223880597014925,27.373568165163878,0.3613861386138614,klms,full,20260519,D:\data\PPG_HeartRate\Algorithm\Algorithm\outline-PPGtoHR\data\20260519\multi_bobi3.csv,53.51448593309979,0.09722222222222222,15.288115496314147,0.5307692307692308,28.913356444079323,0.37623762376237624,25,8.272786761196722,0.4166666666666667,3.4889232387961644,0.7769230769230769,5.194062712127057,0.6485148514851485,0.5833333333333334,0.5,0.1,0.5,0.5,0.008,16,123.0,波比跳,61.0,bobi,D:\data\PPG_HeartRate\Algorithm\Algorithm\outline-PPGtoHR\data\20260519\trynew\multi_bobi3.csv,HF,20260512+19/20260519/20260519_230242_full_K-LMS+H/json/multi_bobi3-green-raw_bandpass-klms-full-HF-v2.json,20260512+19,multi_bobi3.csv,multi_bobi3,12,1.0,5,2.0,7,0.3,LYX,4,0,125
7.652532574742818,0.4339622641509434,4.276773979189793,0.6363636363636364,5.305022287030657,0.5747126436781609,klms,full,20260519,D:\data\PPG_HeartRate\Algorithm\Algorithm\outline-PPGtoHR\data\20260519\multi_fuwo1.csv,24.279449375366738,0.07272727272727272,6.39728744697454,0.6218487394957983,12.04969495307552,0.4482758620689655,100,4.812657537794842,0.5818181818181818,4.293464081690927,0.6218487394957983,4.457576955746761,0.6091954022988506,0.5833333333333334,0.3333333333333333,0.05,5.0,0.2,0.008,20,111.0,俯卧撑,59.0,fuwo,D:\data\PPG_HeartRate\Algorithm\Algorithm\outline-PPGtoHR\data\20260519\nextday\multi_fuwo1.csv,HF,20260512+19/20260519/20260519_230242_full_K-LMS+H/json/multi_fuwo1-green-klms-full-HF-v2.json,20260512+19,multi_fuwo1.csv,multi_fuwo1,12,3.0,5,2.0,7,0.1,LYX,5.5,0,67
1.9335118216822655,0.9310344827586207,1.942046977214266,0.9478260869565217,1.9391854799838841,0.9421965317919075,klms,full,20260519,D:\data\PPG_HeartRate\Algorithm\Algorithm\outline-PPGtoHR\data\20260519\multi_fuwo2.csv,16.514282059024456,0.15,2.8705784685355464,0.8938053097345132,7.602498788936324,0.6358381502890174,50,2.1176472002297735,0.9166666666666666,2.0368123077224936,0.9380530973451328,2.064847530557388,0.930635838150289,0.5,0.8333333333333334,0.01,0.5,0.1,0.012,12,113.0,俯卧撑,60.0,fuwo,D:\data\PPG_HeartRate\Algorithm\Algorithm\outline-PPGtoHR\data\20260519\nextday\multi_fuwo2.csv,HF,20260512+19/20260519/20260519_230242_full_K-LMS+H/json/multi_fuwo2-green-klms-full-HF-v2.json,20260512+19,multi_fuwo2.csv,multi_fuwo2,10,1.0,9,0.5,7,0.1,LYX,5,0,65
16.87326290545693,0.2028985507246377,4.2425658890558875,0.8106060606060606,8.578476805133857,0.6019900497512438,klms,full,20260519,D:\data\PPG_HeartRate\Algorithm\Algorithm\outline-PPGtoHR\data\20260519\multi_kaihe1.csv,59.3109883872869,0.0684931506849315,5.7217769687695395,0.8203125,25.18452539440022,0.5472636815920398,50,5.451861420436715,0.6301369863013698,2.8342800205273506,0.8671875,3.7849439120367214,0.7810945273631841,0.5,1.3333333333333333,0.1,5.0,0.5,0.012,12,125.0,开合跳,59.0,kaihe,D:\data\PPG_HeartRate\Algorithm\Algorithm\outline-PPGtoHR\data\20260519\trynew2.0\multi_kaihe1.csv,HF,20260512+19/20260519/20260519_230242_full_K-LMS+H/json/multi_kaihe1-green-raw_bandpass-klms-full-HF-v2.json,20260512+19,multi_kaihe1.csv,multi_kaihe1,8,25.0,5,5.0,9,0.3,LYX,4,0,83
63.334153510233406,0.08823529411764706,22.829012003942328,0.5259259259259259,36.39723674496595,0.3793103448275862,klms,full,20260519,D:\data\PPG_HeartRate\Algorithm\Algorithm\outline-PPGtoHR\data\20260519\multi_kaihe2.csv,64.4560647426181,0.08433734939759036,17.189597292906953,0.5666666666666667,36.515295806828256,0.3694581280788177,25,3.3051916934724974,0.7349397590361446,2.44747434380011,0.825,2.7981666591834014,0.7881773399014779,0.4166666666666667,0.8333333333333334,0.01,0.1,0.2,0.01,20,126.0,开合跳,61.0,kaihe,D:\data\PPG_HeartRate\Algorithm\Algorithm\outline-PPGtoHR\data\20260519\trynew2.0\multi_kaihe2.csv,HF,20260512+19/20260519/20260519_230242_full_K-LMS+H/json/multi_kaihe2-green-raw_bandpass-klms-full-HF-v2.json,20260512+19,multi_kaihe2.csv,multi_kaihe2,12,8.0,9,4.0,9,0.1,LYX,4,0,116
60.85551597745094,0.0625,22.783901299123265,0.4244604316546763,34.7867748922906,0.3103448275862069,lms,full,20260519,D:\data\PPG_HeartRate\Algorithm\Algorithm\outline-PPGtoHR\data\20260519\multi_bobi1.csv,51.75701326659428,0.140625,21.92410476135348,0.4244604316546763,31.32955374822742,0.33497536945812806,50,8.937599393779628,0.421875,3.6313708788179735,0.8057553956834532,5.304270509150712,0.6847290640394089,0.5833333333333334,0.3333333333333333,,,,0.01,20,123.0,波比跳,64.0,bobi,D:\data\PPG_HeartRate\Algorithm\Algorithm\outline-PPGtoHR\data\20260519\multi_bobi1.csv,HF,20260512+19/20260519/20260614_204603_raw_bandpass_full_LMS+H/json/multi_bobi1-green-raw_bandpass-lms-full-HF-v2.json,20260512+19,multi_bobi1.csv,multi_bobi1,12,1.0,5,0.5,5,0.3,LYX,4,0,138
4.758550488521211,0.7534246575342466,3.2346882369437058,0.7769230769230769,3.782678110663695,0.7684729064039408,lms,full,20260519,D:\data\PPG_HeartRate\Algorithm\Algorithm\outline-PPGtoHR\data\20260519\multi_bobi2.csv,57.42971461041164,0.10810810810810811,13.791547938660216,0.6511627906976745,29.699056971712448,0.45320197044334976,100,4.213030067563037,0.6081081081081081,3.340663733233858,0.7751937984496124,3.6586691950090273,0.7142857142857143,0.5,1.0,,,,0.01,12,130.0,波比跳,60.0,bobi,D:\data\PPG_HeartRate\Algorithm\Algorithm\outline-PPGtoHR\data\20260519\multi_bobi2.csv,HF,20260512+19/20260519/20260614_204603_raw_bandpass_full_LMS+H/json/multi_bobi2-green-raw_bandpass-lms-full-HF-v2.json,20260512+19,multi_bobi2.csv,multi_bobi2,12,5.0,7,4.0,7,0.2,LYX,4,0,100
52.27057710288305,0.08823529411764706,17.819177450150608,0.5447761194029851,29.416678323347668,0.3910891089108911,lms,full,20260519,D:\data\PPG_HeartRate\Algorithm\Algorithm\outline-PPGtoHR\data\20260519\multi_bobi3.csv,54.75661917962756,0.09722222222222222,16.114559682011272,0.5538461538461539,29.887967027696284,0.3910891089108911,50,16.56145432647861,0.4305555555555556,3.2989118436876064,0.8153846153846154,8.026154708840837,0.6782178217821783,0.3333333333333333,0.5,,,,0.01,20,124.0,波比跳,60.0,bobi,D:\data\PPG_HeartRate\Algorithm\Algorithm\outline-PPGtoHR\data\20260519\multi_bobi3.csv,HF,20260512+19/20260519/20260614_204603_raw_bandpass_full_LMS+H/json/multi_bobi3-green-raw_bandpass-lms-full-HF-v2.json,20260512+19,multi_bobi3.csv,multi_bobi3,14,6.0,5,0.5,9,0.3,LYX,4,0,129
27.598182715730164,0.1076923076923077,3.123981501639231,0.7608695652173914,10.960548392850615,0.5517241379310345,lms,full,20260519,D:\data\PPG_HeartRate\Algorithm\Algorithm\outline-PPGtoHR\data\20260519\multi_bobi4.csv,51.37991348496094,0.1076923076923077,13.40854866789089,0.47101449275362317,25.566867451681787,0.35467980295566504,100,41.41110100244309,0.12307692307692308,3.112421896221063,0.7898550724637681,15.37554574796703,0.5763546798029556,0.3333333333333333,1.3333333333333333,,,,0.008,12,123.0,波比跳,59.0,bobi,D:\data\PPG_HeartRate\Algorithm\Algorithm\outline-PPGtoHR\data\20260519\multi_bobi4.csv,HF,20260512+19/20260519/20260614_204603_raw_bandpass_full_LMS+H/json/multi_bobi4-green-raw_bandpass-lms-full-HF-v2.json,20260512+19,multi_bobi4.csv,multi_bobi4,12,1.0,9,0.5,9,0.2,LYX,4,0,125
40.24344795168102,0.07547169811320754,5.243076519866445,0.6776859504132231,15.904109197373183,0.4942528735632184,lms,full,20260519,D:\data\PPG_HeartRate\Algorithm\Algorithm\outline-PPGtoHR\data\20260519\multi_fuwo1.csv,4.593660028937192,0.6181818181818182,3.828356035956637,0.6890756302521008,4.070262470519457,0.6666666666666666,25,4.856804003766212,0.6181818181818182,3.828356035956637,0.6890756302521008,4.153440163712537,0.6666666666666666,0.4166666666666667,0.5,,,,0.01,20,96.0,俯卧撑,89.0,fuwo,D:\data\PPG_HeartRate\Algorithm\Algorithm\outline-PPGtoHR\data\20260519\multi_fuwo1.csv,HF,20260512+19/20260519/20260614_204603_raw_bandpass_full_LMS+H/json/multi_fuwo1-green-raw_bandpass-lms-full-HF-v2.json,20260512+19,multi_fuwo1.csv,multi_fuwo1,8,5.0,7,2.0,9,0.2,LYX,4.5,0,18
3.162172791978664,0.7931034482758621,3.383087803642712,0.808695652173913,3.3090238112929153,0.8034682080924855,lms,full,20260519,D:\data\PPG_HeartRate\Algorithm\Algorithm\outline-PPGtoHR\data\20260519\multi_fuwo2.csv,6.107065265657195,0.5833333333333334,3.0307610252779824,0.8230088495575221,4.0976873514210626,0.7398843930635838,50,2.8227835859123984,0.85,3.041356296295681,0.8230088495575221,2.965550732000901,0.8323699421965318,0.5,1.0,,,,0.01,20,113.0,俯卧撑,60.0,fuwo,D:\data\PPG_HeartRate\Algorithm\Algorithm\outline-PPGtoHR\data\20260519\multi_fuwo2.csv,HF,20260512+19/20260519/20260614_204603_raw_bandpass_full_LMS+H/json/multi_fuwo2-green-raw_bandpass-lms-full-HF-v2.json,20260512+19,multi_fuwo2.csv,multi_fuwo2,14,3.0,5,2.0,7,0.1,LYX,4.5,0,64
36.07316280096578,0.12727272727272726,6.126957508988088,0.775,15.538622029323937,0.5714285714285714,lms,full,20260519,D:\data\PPG_HeartRate\Algorithm\Algorithm\outline-PPGtoHR\data\20260519\multi_fuwo3.csv,28.147655992634597,0.09090909090909091,2.6799970597693377,0.8083333333333333,10.684118438669849,0.5828571428571429,25,10.794533188409746,0.23636363636363636,2.6799970597693377,0.8083333333333333,5.230279843056324,0.6285714285714286,0.3333333333333333,0.5,,,,0.01,12,78.0,俯卧撑,69.0,fuwo,D:\data\PPG_HeartRate\Algorithm\Algorithm\outline-PPGtoHR\data\20260519\multi_fuwo3.csv,HF,20260512+19/20260519/20260614_204603_raw_bandpass_full_LMS+H/json/multi_fuwo3-green-raw_bandpass-lms-full-HF-v2.json,20260512+19,multi_fuwo3.csv,multi_fuwo3,10,6.0,5,8.0,9,0.3,LYX,6,0,46
56.76141599701546,0.10144927536231885,7.299420868751369,0.7803030303030303,24.27891173367785,0.5472636815920398,lms,full,20260519,D:\data\PPG_HeartRate\Algorithm\Algorithm\outline-PPGtoHR\data\20260519\multi_kaihe1.csv,59.16029007821155,0.0821917808219178,5.81603030964691,0.796875,25.189816195742527,0.5373134328358209,100,16.700717191285257,0.3835616438356164,2.709294763140672,0.859375,7.790756640029006,0.6865671641791045,0.5833333333333334,1.3333333333333333,,,,0.012,12,125.0,开合跳,59.0,kaihe,D:\data\PPG_HeartRate\Algorithm\Algorithm\outline-PPGtoHR\data\20260519\multi_kaihe1.csv,HF,20260512+19/20260519/20260614_204603_raw_bandpass_full_LMS+H/json/multi_kaihe1-green-raw_bandpass-lms-full-HF-v2.json,20260512+19,multi_kaihe1.csv,multi_kaihe1,12,6.0,7,5.0,9,0.2,LYX,4,0,89
3.1464726117550965,0.8235294117647058,2.490495343413368,0.837037037037037,2.710231571232273,0.8325123152709359,lms,full,20260519,D:\data\PPG_HeartRate\Algorithm\Algorithm\outline-PPGtoHR\data\20260519\multi_kaihe2.csv,59.578182118371096,0.10843373493975904,19.88958880112651,0.55,36.11694468945804,0.3694581280788177,25,3.8123107697721443,0.6987951807228916,2.158822831934768,0.8833333333333333,2.8348794764692617,0.8078817733990148,0.5,1.0,,,,0.008,8,126.0,开合跳,61.0,kaihe,D:\data\PPG_HeartRate\Algorithm\Algorithm\outline-PPGtoHR\data\20260519\multi_kaihe2.csv,HF,20260512+19/20260519/20260614_204603_raw_bandpass_full_LMS+H/json/multi_kaihe2-green-raw_bandpass-lms-full-HF-v2.json,20260512+19,multi_kaihe2.csv,multi_kaihe2,12,1.0,9,2.0,7,0.1,LYX,4,0,126
61.28178611201512,0.12857142857142856,24.39766808825984,0.5151515151515151,37.17929314599682,0.3811881188118812,lms,full,20260519,D:\data\PPG_HeartRate\Algorithm\Algorithm\outline-PPGtoHR\data\20260519\multi_kaihe3.csv,61.06957894161571,0.05555555555555555,24.07252112722136,0.5153846153846153,37.25959123928271,0.35148514851485146,25,44.234658694219874,0.06944444444444445,5.640946227337808,0.6307692307692307,19.397120968008643,0.4306930693069307,0.3333333333333333,0.3333333333333333,,,,0.012,12,125.0,开合跳,60.0,kaihe,D:\data\PPG_HeartRate\Algorithm\Algorithm\outline-PPGtoHR\data\20260519\multi_kaihe3.csv,HF,20260512+19/20260519/20260614_204603_raw_bandpass_full_LMS+H/json/multi_kaihe3-green-raw_bandpass-lms-full-HF-v2.json,20260512+19,multi_kaihe3.csv,multi_kaihe3,12,6.0,9,12.0,9,0.3,LYX,5.5,0,119
62.00096232698291,0.04285714285714286,9.386026396392236,0.696969696969697,27.61892498620088,0.47029702970297027,lms,full,20260519,D:\data\PPG_HeartRate\Algorithm\Algorithm\outline-PPGtoHR\data\20260519\multi_kaihe4.csv,61.635714398081724,0.056338028169014086,8.794015505334162,0.6946564885496184,27.367087888428603,0.47029702970297027,50,18.628565386511347,0.28169014084507044,3.417927122700573,0.7480916030534351,8.764240571861787,0.5841584158415841,0.3333333333333333,1.3333333333333333,,,,0.01,16,127.0,开合跳,60.0,kaihe,D:\data\PPG_HeartRate\Algorithm\Algorithm\outline-PPGtoHR\data\20260519\multi_kaihe4.csv,HF,20260512+19/20260519/20260614_204603_raw_bandpass_full_LMS+H/json/multi_kaihe4-green-raw_bandpass-lms-full-HF-v2.json,20260512+19,multi_kaihe4.csv,multi_kaihe4,10,6.0,7,4.0,7,0.1,LYX,5.5,0,89
24.838068743543186,0.1267605633802817,7.686370387329825,0.25396825396825395,13.867946952259514,0.20812182741116753,lms,full,20260607,D:\data\PPG_HeartRate\Algorithm\Algorithm\outline-PPGtoHR\data\20260607\multi_tiaosheng10.csv,24.77491565716987,0.18055555555555555,3.744070343046778,0.7862595419847328,11.203286415051027,0.5714285714285714,25,4.002813201374995,0.7638888888888888,2.9174623695257753,0.7938931297709924,3.302414388703824,0.7832512315270936,0.4166666666666667,0.8333333333333334,,,,0.012,12,126.0,跳绳,60.0,tiaosheng,D:\data\PPG_HeartRate\Algorithm\Algorithm\outline-PPGtoHR\data\20260607\4\multi_tiaosheng4.csv,HF,20260607+13/20260607/20260607_205954_raw_bandpass_full_LMS+H/json/multi_tiaosheng10-green-raw_bandpass-lms-full-HF-v2.json,20260607+13,multi_tiaosheng10.csv,multi_tiaosheng10,12,3.0,5,0.5,7,0.3,LYX,4.5,0,82
5.795315216540811,0.5571428571428572,3.376894256181099,0.7985074626865671,4.206744585716295,0.7156862745098039,lms,full,20260607,D:\data\PPG_HeartRate\Algorithm\Algorithm\outline-PPGtoHR\data\20260607\multi_tiaosheng11.csv,33.107104453312864,0.15492957746478872,9.520007413465587,0.6541353383458647,17.729242167530078,0.4803921568627451,25,5.520205617988306,0.5774647887323944,3.2499768683527974,0.8045112781954887,4.040105501804372,0.7254901960784313,0.4166666666666667,0.3333333333333333,,,,0.012,8,126.0,跳绳,63.0,tiaosheng,D:\data\PPG_HeartRate\Algorithm\Algorithm\outline-PPGtoHR\data\20260607\tiaosheng\666\multi_tiaosheng11.csv,HF,20260607+13/20260607/20260607_205954_raw_bandpass_full_LMS+H/json/multi_tiaosheng11-green-raw_bandpass-lms-full-HF-v2.json,20260607+13,multi_tiaosheng11.csv,multi_tiaosheng11,8,1.0,9,0.5,7,0.3,LYX,5.5,0,119
36.74906941883426,0.12857142857142856,4.779369744381224,0.6,15.695852560048108,0.43902439024390244,lms,full,20260607,D:\data\PPG_HeartRate\Algorithm\Algorithm\outline-PPGtoHR\data\20260607\multi_tiaosheng12.csv,10.45325961011484,0.352112676056338,4.689571606839622,0.5970149253731343,6.685775744559333,0.5121951219512195,50,4.557359254012592,0.676056338028169,4.641326504227682,0.5970149253731343,4.612245163909285,0.624390243902439,0.5833333333333334,1.3333333333333333,,,,0.012,20,133.0,跳绳,67.0,tiaosheng,D:\data\PPG_HeartRate\Algorithm\Algorithm\outline-PPGtoHR\data\20260607\tiaosheng\666\multi_tiaosheng12.csv,HF,20260607+13/20260607/20260607_205954_raw_bandpass_full_LMS+H/json/multi_tiaosheng12-green-raw_bandpass-lms-full-HF-v2.json,20260607+13,multi_tiaosheng12.csv,multi_tiaosheng12,12,8.0,5,2.0,9,0.3,LYX,5.5,0,77
38.94486151173918,0.0,19.085804923280975,0.01910828025477707,25.087653136681677,0.013333333333333334,lms,full,20260607,D:\data\PPG_HeartRate\Algorithm\Algorithm\outline-PPGtoHR\data\20260607\multi_tiaosheng8.csv,43.00262539061845,0.15492957746478872,10.951135789277417,0.696969696969697,22.161262694179946,0.5073891625615764,100,6.278590708228996,0.5211267605633803,3.6696417061653626,0.7803030303030303,4.582131258611264,0.6896551724137931,0.5,1.0,,,,0.012,16,127.0,跳绳,61.0,tiaosheng,D:\data\PPG_HeartRate\Algorithm\Algorithm\outline-PPGtoHR\data\20260607\2\multi_tiaosheng2.csv,HF,20260607+13/20260607/20260607_205954_raw_bandpass_full_LMS+H/json/multi_tiaosheng8-green-raw_bandpass-lms-full-HF-v2.json,20260607+13,multi_tiaosheng8.csv,multi_tiaosheng8,14,1.0,7,0.5,9,0.2,LYX,6,0,102
45.61892457661779,0.07246376811594203,8.352038105723526,0.5714285714285714,21.08181615766266,0.400990099009901,lms,full,20260607,D:\data\PPG_HeartRate\Algorithm\Algorithm\outline-PPGtoHR\data\20260607\multi_tiaosheng9.csv,36.29860590579861,0.08695652173913043,4.808218914880864,0.5939849624060151,15.564836253362667,0.4207920792079208,100,5.3378754637164745,0.6086956521739131,4.786191189316954,0.5939849624060151,4.974637797898967,0.599009900990099,0.3333333333333333,1.3333333333333333,,,,0.012,20,127.0,跳绳,61.0,tiaosheng,D:\data\PPG_HeartRate\Algorithm\Algorithm\outline-PPGtoHR\data\20260607\3\multi_tiaosheng3.csv,HF,20260607+13/20260607/20260607_205954_raw_bandpass_full_LMS+H/json/multi_tiaosheng9-green-raw_bandpass-lms-full-HF-v2.json,20260607+13,multi_tiaosheng9.csv,multi_tiaosheng9,10,3.0,7,12.0,7,0.3,LYX,4.5,0,77
6.157019680209521,0.4533333333333333,4.56559507626115,0.5801526717557252,5.14499723789284,0.5339805825242718,klms,full,20260613,D:\data\PPG_HeartRate\Algorithm\Algorithm\outline-PPGtoHR\data\20260613\multi_bobi1.csv,48.71763315398026,0.09333333333333334,5.056437007320311,0.5801526717557252,20.95250356557029,0.4029126213592233,25,6.404281280233865,0.49333333333333335,4.601936619677181,0.5801526717557252,5.258130064054614,0.5485436893203883,0.5833333333333334,1.0,0.1,5.0,0.5,0.008,8,132.0,波比跳,62.0,bobi,D:\data\PPG_HeartRate\Algorithm\Algorithm\outline-PPGtoHR\data\20260613\bobi1-KLMS\multi_bobi1.csv,HF,20260607+13/20260613/20260613_162650_raw_bandpass_full_K-LMS+H/json/multi_bobi1-green-raw_bandpass-klms-full-HF-v2.json,20260607+13,multi_bobi1.csv,multi_bobi1,8,8.0,5,8.0,9,0.1,TS,5,0,81
39.814295694299936,0.09859154929577464,8.49452358744061,0.6428571428571429,19.033404248990433,0.4597156398104265,klms,full,20260613,D:\data\PPG_HeartRate\Algorithm\Algorithm\outline-PPGtoHR\data\20260613\multi_bobi2.csv,45.21116682245885,0.1518987341772152,12.894942346058526,0.5378787878787878,24.99438184196197,0.3933649289099526,50,4.9056480111988945,0.5569620253164557,3.772096321201788,0.7045454545454546,4.19650666958933,0.6492890995260664,0.3333333333333333,0.8333333333333334,0.01,5.0,0.1,0.01,12,130.0,波比跳,62.0,bobi,D:\data\PPG_HeartRate\Algorithm\Algorithm\outline-PPGtoHR\data\20260613\multi_bobi2.csv,HF,20260607+13/20260613/20260613_162650_raw_bandpass_full_K-LMS+H/json/multi_bobi2-green-raw_bandpass-klms-full-HF-v2.json,20260607+13,multi_bobi2.csv,multi_bobi2,8,3.0,7,0.5,9,0.3,TS,5,0,137
18.92217713541338,0.1320754716981132,4.865267135371284,0.6097560975609756,9.0983138967476,0.4659090909090909,klms,full,20260613,D:\data\PPG_HeartRate\Algorithm\Algorithm\outline-PPGtoHR\data\20260613\multi_fuwo1.csv,16.98189079285884,0.09090909090909091,3.838944755999848,0.859504132231405,7.946115392518283,0.6193181818181818,50,5.9824717959923905,0.4909090909090909,3.277808715194062,0.8760330578512396,4.12301592794354,0.7556818181818182,0.4166666666666667,0.8333333333333334,0.1,2.0,0.5,0.01,16,109.0,俯卧撑,62.0,fuwo,D:\data\PPG_HeartRate\Algorithm\Algorithm\outline-PPGtoHR\data\20260613\multi_fuwo1.csv,HF,20260607+13/20260613/20260613_162650_raw_bandpass_full_K-LMS+H/json/multi_fuwo1-green-raw_bandpass-klms-full-HF-v2.json,20260607+13,multi_fuwo1.csv,multi_fuwo1,14,3.0,5,0.5,9,0.1,TS,6,0,58
18.509149723768385,0.2903225806451613,5.049113188345893,0.5625,9.845218160737817,0.46551724137931033,klms,full,20260613,D:\data\PPG_HeartRate\Algorithm\Algorithm\outline-PPGtoHR\data\20260613\multi_fuwo2.csv,26.520382131948747,0.11290322580645161,4.970105059723522,0.5625,12.64893941879228,0.40229885057471265,100,7.6418094218729795,0.5,4.761940299678879,0.5625,5.78810056161011,0.5402298850574713,0.3333333333333333,0.8333333333333334,0.01,5.0,0.05,0.012,20,120.0,俯卧撑,59.0,fuwo,D:\data\PPG_HeartRate\Algorithm\Algorithm\outline-PPGtoHR\data\20260613\multi_fuwo2.csv,HF,20260607+13/20260613/20260613_162650_raw_bandpass_full_K-LMS+H/json/multi_fuwo2-green-raw_bandpass-klms-full-HF-v2.json,20260607+13,multi_fuwo2.csv,multi_fuwo2,8,1.0,9,5.0,9,0.1,TS,6,0,68
59.82663597088601,0.11764705882352941,18.91295413635588,0.5467625899280576,32.35319744431747,0.4057971014492754,klms,full,20260613,D:\data\PPG_HeartRate\Algorithm\Algorithm\outline-PPGtoHR\data\20260613\multi_kaihe1.csv,56.11932409190143,0.0821917808219178,18.971987919286853,0.5223880597014925,32.07225623136832,0.3671497584541063,50,5.082314380987413,0.547945205479452,3.32615447970846,0.7985074626865671,3.9454765704976564,0.7101449275362319,0.3333333333333333,1.0,0.05,1.0,0.05,0.01,12,129.0,开合跳,63.0,kaihe,D:\data\PPG_HeartRate\Algorithm\Algorithm\outline-PPGtoHR\data\20260613\multi_kaihe1.csv,HF,20260607+13/20260613/20260613_162650_raw_bandpass_full_K-LMS+H/json/multi_kaihe1-green-raw_bandpass-klms-full-HF-v2.json,20260607+13,multi_kaihe1.csv,multi_kaihe1,8,3.0,5,0.5,9,0.2,TS,4.5,0,130
17.08329515751004,0.08823529411764706,3.517813757612946,0.7092198581560284,7.931463208297167,0.507177033492823,klms,full,20260613,D:\data\PPG_HeartRate\Algorithm\Algorithm\outline-PPGtoHR\data\20260613\multi_kaihe2.csv,49.25784970802021,0.1935483870967742,3.1110941991761853,0.7411764705882353,30.490030481935317,0.41626794258373206,25,4.377929277398077,0.6774193548387096,3.1110941991761853,0.7411764705882353,3.8627092695087906,0.7033492822966507,0.3333333333333333,1.0,0.01,5.0,0.5,0.012,20,129.0,开合跳,63.0,kaihe,D:\data\PPG_HeartRate\Algorithm\Algorithm\outline-PPGtoHR\data\20260613\multi_kaihe2.csv,HF,20260607+13/20260613/20260613_162650_raw_bandpass_full_K-LMS+H/json/multi_kaihe2-green-raw_bandpass-klms-full-HF-v2.json,20260607+13,multi_kaihe2.csv,multi_kaihe2,10,6.0,5,12.0,7,0.2,TS,5,0,98
5.932661990225167,0.5352112676056338,3.8571023326384006,0.7089552238805971,4.575954701851378,0.6487804878048781,klms,full,20260613,D:\data\PPG_HeartRate\Algorithm\Algorithm\outline-PPGtoHR\data\20260613\multi_tiaosheng1.csv,10.206049410665996,0.3116883116883117,3.6969830804041237,0.7265625,6.1418518971366325,0.5707317073170731,100,7.163138579870424,0.4675324675324675,3.702705126302561,0.7265625,5.002477691789027,0.6292682926829268,0.5833333333333334,1.3333333333333333,0.2,2.0,0.05,0.008,8,129.0,跳绳,62.0,tiaosheng,D:\data\PPG_HeartRate\Algorithm\Algorithm\outline-PPGtoHR\data\20260613\multi_tiaosheng1.csv,HF,20260607+13/20260613/20260613_162650_raw_bandpass_full_K-LMS+H/json/multi_tiaosheng1-green-raw_bandpass-klms-full-HF-v2.json,20260607+13,multi_tiaosheng1.csv,multi_tiaosheng1,8,6.0,9,4.0,7,0.3,TS,4.5,0,78
49.207897308657344,0.1,10.222949110715234,0.7535211267605634,23.095337666639516,0.5377358490566038,klms,full,20260613,D:\data\PPG_HeartRate\Algorithm\Algorithm\outline-PPGtoHR\data\20260613\multi_tiaosheng2.csv,34.27302702654685,0.1267605633802817,8.32204765086445,0.6950354609929078,17.013177536116576,0.5047169811320755,50,6.797486923437458,0.5070422535211268,3.2454154660249226,0.7588652482269503,4.435024303177235,0.6745283018867925,0.3333333333333333,0.3333333333333333,0.05,2.0,0.05,0.01,12,124.0,跳绳,59.0,tiaosheng,D:\data\PPG_HeartRate\Algorithm\Algorithm\outline-PPGtoHR\data\20260613\multi_tiaosheng2.csv,HF,20260607+13/20260613/20260613_162650_raw_bandpass_full_K-LMS+H/json/multi_tiaosheng2-green-raw_bandpass-klms-full-HF-v2.json,20260607+13,multi_tiaosheng2.csv,multi_tiaosheng2,8,3.0,9,0.5,9,0.2,TS,5.5,0,101
5.195405445718504,0.5882352941176471,2.737378998730404,0.8253968253968254,3.445623907184602,0.7570621468926554,klms,full,20260613,D:\data\PPG_HeartRate\Algorithm\Algorithm\outline-PPGtoHR\data\20260613\multi_wanju1.csv,11.665333252802396,0.24528301886792453,2.8354030121834484,0.8145161290322581,5.479393423216242,0.6440677966101694,25,6.188191375402089,0.5849056603773585,2.805869872062481,0.8145161290322581,3.818655406960781,0.7457627118644068,0.5,0.3333333333333333,0.05,1.0,0.5,0.008,12,112.0,弯举,64.0,wanju,D:\data\PPG_HeartRate\Algorithm\Algorithm\outline-PPGtoHR\data\20260613\multi_wanju1.csv,HF,20260607+13/20260613/20260613_162650_raw_bandpass_full_K-LMS+H/json/multi_wanju1-green-raw_bandpass-klms-full-HF-v2.json,20260607+13,multi_wanju1.csv,multi_wanju1,14,3.0,7,0.5,9,0.1,TS,6,0,59
7.715462830655907,0.39622641509433965,1.3951358881736287,0.9590163934426229,3.3092920478968337,0.7885714285714286,klms,full,20260613,D:\data\PPG_HeartRate\Algorithm\Algorithm\outline-PPGtoHR\data\20260613\multi_wanju2.csv,14.359426982652135,0.21052631578947367,2.510546343679364,0.8898305084745762,6.3698960375162095,0.6685714285714286,50,4.722041669150344,0.5614035087719298,2.374886915713262,0.8983050847457628,3.1393887496899113,0.7885714285714286,0.3333333333333333,1.0,0.01,5.0,0.5,0.01,12,112.0,弯举,62.0,wanju,D:\data\PPG_HeartRate\Algorithm\Algorithm\outline-PPGtoHR\data\20260613\multi_wanju2.csv,HF,20260607+13/20260613/20260613_162650_raw_bandpass_full_K-LMS+H/json/multi_wanju2-green-raw_bandpass-klms-full-HF-v2.json,20260607+13,multi_wanju2.csv,multi_wanju2,10,1.0,5,0.5,9,0.1,TS,5,0,61
48.2399614617648,0.06666666666666667,12.985344752073084,0.5725190839694656,25.820763457057932,0.3883495145631068,lms,full,20260613,D:\data\PPG_HeartRate\Algorithm\Algorithm\outline-PPGtoHR\data\20260613\multi_bobi1.csv,48.66860729509813,0.12,12.327096899019649,0.5725190839694656,25.558229324776374,0.4077669902912621,100,9.043108210849539,0.41333333333333333,3.7063925343071293,0.6717557251908397,5.649371542757036,0.5776699029126213,0.4166666666666667,0.5,,,,0.01,16,134.0,波比跳,62.0,bobi,D:\data\PPG_HeartRate\Algorithm\Algorithm\outline-PPGtoHR\data\20260613\multi_bobi1.csv,HF,20260607+13/20260613/20260614_195723_raw_bandpass_full_LMS+H/json/multi_bobi1-green-raw_bandpass-lms-full-HF-v2.json,20260607+13,multi_bobi1.csv,multi_bobi1,8,3.0,9,2.0,9,0.3,TS,5,0,108
41.127404988160414,0.15492957746478872,14.30032018342276,0.6142857142857143,23.32744350634396,0.4597156398104265,lms,full,20260613,D:\data\PPG_HeartRate\Algorithm\Algorithm\outline-PPGtoHR\data\20260613\multi_bobi2.csv,48.76447966620519,0.16455696202531644,11.646278820018079,0.6439393939393939,25.54361468186065,0.46445497630331756,50,6.309503716795788,0.45569620253164556,3.6046269497529226,0.7575757575757576,4.617353322247644,0.6445497630331753,0.3333333333333333,0.8333333333333334,,,,0.008,20,130.0,波比跳,62.0,bobi,D:\data\PPG_HeartRate\Algorithm\Algorithm\outline-PPGtoHR\data\20260613\multi_bobi2.csv,HF,20260607+13/20260613/20260614_195723_raw_bandpass_full_LMS+H/json/multi_bobi2-green-raw_bandpass-lms-full-HF-v2.json,20260607+13,multi_bobi2.csv,multi_bobi2,8,3.0,5,0.5,9,0.1,TS,5,0,117
8.179270772460773,0.4339622641509434,3.735326171769479,0.7560975609756098,5.073559489023108,0.6590909090909091,lms,full,20260613,D:\data\PPG_HeartRate\Algorithm\Algorithm\outline-PPGtoHR\data\20260613\multi_fuwo1.csv,19.052645191652193,0.2,4.331303283079719,0.7603305785123967,8.931722629508615,0.5852272727272727,100,6.680987160969802,0.4909090909090909,3.672680478327652,0.7603305785123967,4.612776316653323,0.6761363636363636,0.5,1.0,,,,0.008,12,112.0,俯卧撑,61.0,fuwo,D:\data\PPG_HeartRate\Algorithm\Algorithm\outline-PPGtoHR\data\20260613\multi_fuwo1.csv,HF,20260607+13/20260613/20260614_195723_raw_bandpass_full_LMS+H/json/multi_fuwo1-green-raw_bandpass-lms-full-HF-v2.json,20260607+13,multi_fuwo1.csv,multi_fuwo1,8,1.0,5,0.5,7,0.1,TS,6,0,62
21.040668788960012,0.16129032258064516,3.9072894146054282,0.7857142857142857,10.012286662938669,0.5632183908045977,lms,full,20260613,D:\data\PPG_HeartRate\Algorithm\Algorithm\outline-PPGtoHR\data\20260613\multi_fuwo2.csv,24.580263631420017,0.16129032258064516,4.540032160141144,0.7857142857142857,11.68080429358534,0.5632183908045977,50,7.63108737784828,0.4838709677419355,3.475387210364354,0.7857142857142857,4.956153936709201,0.6781609195402298,0.3333333333333333,0.8333333333333334,,,,0.008,16,100.0,俯卧撑,61.0,fuwo,D:\data\PPG_HeartRate\Algorithm\Algorithm\outline-PPGtoHR\data\20260613\multi_fuwo2.csv,HF,20260607+13/20260613/20260614_195723_raw_bandpass_full_LMS+H/json/multi_fuwo2-green-raw_bandpass-lms-full-HF-v2.json,20260607+13,multi_fuwo2.csv,multi_fuwo2,8,1.0,7,0.5,9,0.3,TS,5,0,78
6.029894378438776,0.6029411764705882,3.9651922047160744,0.6906474820143885,4.6434518559873,0.6618357487922706,lms,full,20260613,D:\data\PPG_HeartRate\Algorithm\Algorithm\outline-PPGtoHR\data\20260613\multi_kaihe1.csv,52.58736054116087,0.1506849315068493,17.18165912431747,0.5447761194029851,29.667727739919254,0.4057971014492754,25,5.419790301364126,0.684931506849315,3.3081339879630036,0.7388059701492538,4.052824378679341,0.7198067632850241,0.5,1.0,,,,0.01,12,129.0,开合跳,63.0,kaihe,D:\data\PPG_HeartRate\Algorithm\Algorithm\outline-PPGtoHR\data\20260613\multi_kaihe1.csv,HF,20260607+13/20260613/20260614_195723_raw_bandpass_full_LMS+H/json/multi_kaihe1-green-raw_bandpass-lms-full-HF-v2.json,20260607+13,multi_kaihe1.csv,multi_kaihe1,8,3.0,9,0.5,7,0.1,TS,4.5,0,124
59.387004044590185,0.10294117647058823,9.260717713442135,0.7375886524822695,25.569748672858726,0.5311004784688995,lms,full,20260613,D:\data\PPG_HeartRate\Algorithm\Algorithm\outline-PPGtoHR\data\20260613\multi_kaihe2.csv,39.95517439930044,0.27419354838709675,2.095586326456087,0.8941176470588236,24.557734273980966,0.5263157894736842,50,4.82062437662734,0.5806451612903226,2.095586326456087,0.8941176470588236,3.712355313160563,0.7081339712918661,0.3333333333333333,1.3333333333333333,,,,0.008,8,129.0,开合跳,63.0,kaihe,D:\data\PPG_HeartRate\Algorithm\Algorithm\outline-PPGtoHR\data\20260613\multi_kaihe2.csv,HF,20260607+13/20260613/20260614_195723_raw_bandpass_full_LMS+H/json/multi_kaihe2-green-raw_bandpass-lms-full-HF-v2.json,20260607+13,multi_kaihe2.csv,multi_kaihe2,10,3.0,5,2.0,9,0.2,TS,4.5,0,89
40.97131027675982,0.11267605633802817,5.280148994250792,0.6791044776119403,17.6414780238027,0.48292682926829267,lms,full,20260613,D:\data\PPG_HeartRate\Algorithm\Algorithm\outline-PPGtoHR\data\20260613\multi_tiaosheng1.csv,18.888333094486036,0.2857142857142857,3.4585835747888907,0.7421875,9.254148028528792,0.5707317073170731,50,5.964171168671452,0.5324675324675324,3.586253862874827,0.7265625,4.479422802125266,0.6536585365853659,0.5,1.0,,,,0.012,12,129.0,跳绳,63.0,tiaosheng,D:\data\PPG_HeartRate\Algorithm\Algorithm\outline-PPGtoHR\data\20260613\multi_tiaosheng1.csv,HF,20260607+13/20260613/20260614_195723_raw_bandpass_full_LMS+H/json/multi_tiaosheng1-green-raw_bandpass-lms-full-HF-v2.json,20260607+13,multi_tiaosheng1.csv,multi_tiaosheng1,12,5.0,5,4.0,9,0.1,TS,4.5,0,77
4.64954609102969,0.5571428571428572,3.034523338289968,0.8169014084507042,3.5677855679681776,0.7311320754716981,lms,full,20260613,D:\data\PPG_HeartRate\Algorithm\Algorithm\outline-PPGtoHR\data\20260613\multi_tiaosheng2.csv,31.742271387991853,0.14084507042253522,7.450374834747126,0.7659574468085106,15.585868491730029,0.5566037735849056,25,4.909937612016197,0.5211267605633803,2.951637182775853,0.8226950354609929,3.6074830812478544,0.7216981132075472,0.3333333333333333,0.5,,,,0.012,12,124.0,跳绳,60.0,tiaosheng,D:\data\PPG_HeartRate\Algorithm\Algorithm\outline-PPGtoHR\data\20260613\multi_tiaosheng2.csv,HF,20260607+13/20260613/20260614_195723_raw_bandpass_full_LMS+H/json/multi_tiaosheng2-green-raw_bandpass-lms-full-HF-v2.json,20260607+13,multi_tiaosheng2.csv,multi_tiaosheng2,12,3.0,7,0.5,7,0.2,TS,4.5,0,97
12.425182287736481,0.3137254901960784,2.101349746519913,0.8650793650793651,5.076013360090788,0.7062146892655368,lms,full,20260613,D:\data\PPG_HeartRate\Algorithm\Algorithm\outline-PPGtoHR\data\20260613\multi_wanju1.csv,17.24802255682707,0.16981132075471697,2.1758800851734623,0.8629032258064516,6.689007491939799,0.655367231638418,50,4.673262098812236,0.7547169811320755,2.104409886080718,0.8629032258064516,2.873614220966427,0.8305084745762712,0.4166666666666667,0.3333333333333333,,,,0.01,12,112.0,弯举,63.0,wanju,D:\data\PPG_HeartRate\Algorithm\Algorithm\outline-PPGtoHR\data\20260613\multi_wanju1.csv,HF,20260607+13/20260613/20260614_195723_raw_bandpass_full_LMS+H/json/multi_wanju1-green-raw_bandpass-lms-full-HF-v2.json,20260607+13,multi_wanju1.csv,multi_wanju1,12,1.0,7,0.5,7,0.1,TS,5,0,60
9.981046039813766,0.18867924528301888,1.6334914051937781,0.9508196721311475,4.161607951678689,0.72,lms,full,20260613,D:\data\PPG_HeartRate\Algorithm\Algorithm\outline-PPGtoHR\data\20260613\multi_wanju2.csv,12.112253874099503,0.21052631578947367,1.257060442506939,1.0,4.792752017368517,0.7428571428571429,100,7.509721693454048,0.49122807017543857,1.5516512793713457,0.9576271186440678,3.4922799285297117,0.8057142857142857,0.5833333333333334,0.5,,,,0.012,20,113.0,弯举,61.0,wanju,D:\data\PPG_HeartRate\Algorithm\Algorithm\outline-PPGtoHR\data\20260613\multi_wanju2.csv,HF,20260607+13/20260613/20260614_195723_raw_bandpass_full_LMS+H/json/multi_wanju2-green-raw_bandpass-lms-full-HF-v2.json,20260607+13,multi_wanju2.csv,multi_wanju2,10,1.0,9,0.5,9,0.1,TS,4,0,63
20.09355167137837,0.4507042253521127,15.09276928660529,0.5833333333333334,16.656890649243564,0.5418502202643172,lms,full,20260615,D:\data\PPG_HeartRate\Algorithm\Algorithm\outline-PPGtoHR\data\20260615\multi_bobi2_TS.csv,40.85324338453293,0.12,37.72523206849468,0.3355263157894737,38.758715983485295,0.2643171806167401,100,2.304029148784222,0.88,2.0284798255066265,0.9210526315789473,2.1195203508186076,0.9074889867841409,0.3333333333333333,0.8333333333333334,,,,0.01,20,132.0,波比跳,64.0,bobi,D:\data\PPG_HeartRate\Algorithm\Algorithm\outline-PPGtoHR\data\20260615\multi_bobi2_TS.csv,HF,20260615/20260615_171438_raw_bandpass_full_LMS+H/json/multi_bobi2_TS-green-raw_bandpass-lms-full-HF-v2.json,20260615,multi_bobi2_TS.csv,multi_bobi2_TS,10,8.0,5,0.5,9,0.2,TS,4.5,0,168
46.77173123665132,0.14772727272727273,53.84081146811456,0.40397350993377484,51.2379702113415,0.30962343096234307,lms,full,20260615,D:\data\PPG_HeartRate\Algorithm\Algorithm\outline-PPGtoHR\data\20260615\multi_fuwo1_TS.csv,35.90599095306338,0.11363636363636363,5.555835823648814,0.9072847682119205,16.73078833991861,0.6150627615062761,25,6.104275612516261,0.45454545454545453,1.585550270752025,0.9668874172185431,3.2493487229497355,0.7782426778242678,0.3333333333333333,1.0,,,,0.012,20,153.0,俯卧撑,66.0,fuwo,D:\data\PPG_HeartRate\Algorithm\Algorithm\outline-PPGtoHR\data\recal\multi_fuwo1_TS.csv,HF,20260615/20260615_171438_raw_bandpass_full_LMS+H/json/multi_fuwo1_TS-green-raw_bandpass-lms-full-HF-v2.json,20260615,multi_fuwo1_TS.csv,multi_fuwo1_TS,12,25.0,5,8.0,9,0.3,TS,4.5,0,101
24.328334717033588,0.11627906976744186,2.944334474333697,0.84251968503937,11.578250065282946,0.5492957746478874,lms,full,20260615,D:\data\PPG_HeartRate\Algorithm\Algorithm\outline-PPGtoHR\data\20260615\multi_fuwo2_TS.csv,40.92200090147367,0.05813953488372093,5.42618782005339,0.7637795275590551,19.75783066043904,0.4788732394366197,50,3.277634944956195,0.7790697674418605,2.906848315377004,0.8503937007874016,3.0565555930474764,0.8215962441314554,0.4166666666666667,1.3333333333333333,,,,0.01,20,144.0,俯卧撑,59.0,fuwo,D:\data\PPG_HeartRate\Algorithm\Algorithm\outline-PPGtoHR\data\recal\multi_fuwo2_TS.csv,HF,20260615/20260615_171438_raw_bandpass_full_LMS+H/json/multi_fuwo2_TS-green-raw_bandpass-lms-full-HF-v2.json,20260615,multi_fuwo2_TS.csv,multi_fuwo2_TS,14,3.0,9,2.0,7,0.3,TS,4,0,104
3.3894225547704977,0.7910447761194029,2.1982567732211415,0.89171974522293,2.5545429668095645,0.8616071428571429,lms,full,20260615,D:\data\PPG_HeartRate\Algorithm\Algorithm\outline-PPGtoHR\data\20260615\multi_kaihe1_TS.csv,51.927451937450805,0.1038961038961039,25.1614226507669,0.4489795918367347,34.362245218064494,0.33035714285714285,25,4.4102709257522426,0.7012987012987013,2.1585105684056978,0.8979591836734694,2.932553191243572,0.8303571428571429,0.4166666666666667,0.5,,,,0.008,8,147.0,开合跳,82.0,kaihe,D:\data\PPG_HeartRate\Algorithm\Algorithm\outline-PPGtoHR\data\20260615\multi_kaihe1_TS.csv,HF,20260615/20260615_171438_raw_bandpass_full_LMS+H/json/multi_kaihe1_TS-green-raw_bandpass-lms-full-HF-v2.json,20260615,multi_kaihe1_TS.csv,multi_kaihe1_TS,12,25.0,9,2.0,9,0.1,TS,5,0,147
24.877984717298293,0.11594202898550725,26.040025670779084,0.4195804195804196,25.661814228372602,0.32075471698113206,lms,full,20260615,D:\data\PPG_HeartRate\Algorithm\Algorithm\outline-PPGtoHR\data\20260615\multi_kaihe2_TS.csv,37.48972766132615,0.13157894736842105,19.501242637680935,0.5,25.94994481596884,0.36792452830188677,25,3.2629736269494347,0.8289473684210527,1.7779859012173045,0.9485294117647058,2.3103399915741063,0.9056603773584906,0.4166666666666667,1.0,,,,0.008,20,132.0,开合跳,65.0,kaihe,D:\data\PPG_HeartRate\Algorithm\Algorithm\outline-PPGtoHR\data\20260615\multi_kaihe2_TS.csv,HF,20260615/20260615_171438_raw_bandpass_full_LMS+H/json/multi_kaihe2_TS-green-raw_bandpass-lms-full-HF-v2.json,20260615,multi_kaihe2_TS.csv,multi_kaihe2_TS,8,1.0,5,0.5,7,0.3,TS,4.5,0,152
36.519556479261595,0.2727272727272727,1.661451606684621,0.9257142857142857,12.312539206638698,0.7261904761904762,lms,full,20260615,D:\data\PPG_HeartRate\Algorithm\Algorithm\outline-PPGtoHR\data\20260615\multi_tiaosheng1_TS.csv,19.412406012650855,0.34523809523809523,1.5960631830857277,0.9345238095238095,7.534844126274104,0.7380952380952381,100,2.2292889116836494,0.9166666666666666,1.6265807612107277,0.9226190476190477,1.827483478035035,0.9206349206349206,0.5833333333333334,1.0,,,,0.012,12,157.0,跳绳,81.0,tiaosheng,D:\data\PPG_HeartRate\Algorithm\Algorithm\outline-PPGtoHR\data\20260615\multi_tiaosheng1_TS.csv,HF,20260615/20260615_171438_raw_bandpass_full_LMS+H/json/multi_tiaosheng1_TS-green-raw_bandpass-lms-full-HF-v2.json,20260615,multi_tiaosheng1_TS.csv,multi_tiaosheng1_TS,10,8.0,9,8.0,9,0.2,TS,4.5,0,87
3.6289534697842316,0.7183098591549296,2.1878000195112057,0.9230769230769231,2.6385572660723726,0.8590308370044053,klms,full,20260615,D:\data\PPG_HeartRate\Algorithm\Algorithm\outline-PPGtoHR\data\20260615\multi_bobi2_TS.csv,43.072891822032936,0.13333333333333333,37.83058149148187,0.32894736842105265,39.56262234959346,0.2643171806167401,50,3.779745137685536,0.6533333333333333,2.1643598349539666,0.9078947368421053,2.698077445988626,0.8237885462555066,0.3333333333333333,0.8333333333333334,0.1,5.0,0.2,0.01,16,132.0,波比跳,65.0,bobi,D:\data\PPG_HeartRate\Algorithm\Algorithm\outline-PPGtoHR\data\20260615\multi_bobi2_TS.csv,HF,20260615/20260615_171523_raw_bandpass_full_K-LMS+H/json/multi_bobi2_TS-green-raw_bandpass-klms-full-HF-v2.json,20260615,multi_bobi2_TS.csv,multi_bobi2_TS,10,25.0,7,0.5,7,0.3,TS,5.5,0,167
68.3198267092237,0.045454545454545456,40.05863179354917,0.40397350993377484,50.464427411036034,0.2719665271966527,klms,full,20260615,D:\data\PPG_HeartRate\Algorithm\Algorithm\outline-PPGtoHR\data\20260615\multi_fuwo1_TS.csv,3.9858332593989525,0.7111111111111111,1.5869241767022846,0.9664429530201343,2.4902790613997747,0.8702928870292888,50,4.251651264977012,0.6666666666666666,1.5869241767022846,0.9664429530201343,2.590377891952182,0.8535564853556485,0.3333333333333333,0.3333333333333333,0.01,5.0,0.5,0.008,12,85.0,俯卧撑,67.0,fuwo,D:\data\PPG_HeartRate\Algorithm\Algorithm\outline-PPGtoHR\data\20260615\multi_fuwo1_TS.csv,HF,20260615/20260615_171523_raw_bandpass_full_K-LMS+H/json/multi_fuwo1_TS-green-raw_bandpass-klms-full-HF-v2.json,20260615,multi_fuwo1_TS.csv,multi_fuwo1_TS,14,8.0,9,4.0,9,0.1,TS,4,0,29
43.85846756208412,0.0,8.362491380871868,0.7795275590551181,22.69420007375569,0.4647887323943662,klms,full,20260615,D:\data\PPG_HeartRate\Algorithm\Algorithm\outline-PPGtoHR\data\20260615\multi_fuwo2_TS.csv,19.65572046747959,0.14606741573033707,5.661385448038509,0.7903225806451613,11.508783648650041,0.5211267605633803,100,3.7691558371226304,0.797752808988764,2.191729392045546,0.9274193548387096,2.8508418503171913,0.8732394366197183,0.4166666666666667,0.8333333333333334,0.01,0.5,0.05,0.01,12,144.0,俯卧撑,60.0,fuwo,D:\data\PPG_HeartRate\Algorithm\Algorithm\outline-PPGtoHR\data\20260615\multi_fuwo2_TS.csv,HF,20260615/20260615_171523_raw_bandpass_full_K-LMS+H/json/multi_fuwo2_TS-green-raw_bandpass-klms-full-HF-v2.json,20260615,multi_fuwo2_TS.csv,multi_fuwo2_TS,8,3.0,7,0.5,9,0.2,TS,5,0,120
2.7832515796124397,0.8507462686567164,2.199838468481777,0.89171974522293,2.374341497257466,0.8794642857142857,klms,full,20260615,D:\data\PPG_HeartRate\Algorithm\Algorithm\outline-PPGtoHR\data\20260615\multi_kaihe1_TS.csv,51.98283123654843,0.11688311688311688,13.35747521285723,0.6666666666666666,26.634941346001078,0.47767857142857145,25,3.2223698555686364,0.8311688311688312,2.122208591256342,0.9047619047619048,2.500389025863693,0.8794642857142857,0.4166666666666667,0.8333333333333334,0.1,0.5,0.01,0.012,20,147.0,开合跳,82.0,kaihe,D:\data\PPG_HeartRate\Algorithm\Algorithm\outline-PPGtoHR\data\20260615\multi_kaihe1_TS.csv,HF,20260615/20260615_171523_raw_bandpass_full_K-LMS+H/json/multi_kaihe1_TS-green-raw_bandpass-klms-full-HF-v2.json,20260615,multi_kaihe1_TS.csv,multi_kaihe1_TS,10,6.0,5,4.0,9,0.3,TS,4.5,0,117
50.94208197140213,0.043478260869565216,6.245899645149228,0.8881118881118881,20.793242006052296,0.6132075471698113,klms,full,20260615,D:\data\PPG_HeartRate\Algorithm\Algorithm\outline-PPGtoHR\data\20260615\multi_kaihe2_TS.csv,3.837893302975724,0.6578947368421053,1.9901105461198165,0.9558823529411765,2.652523232539859,0.8490566037735849,100,2.0937212361037423,0.9342105263157895,2.000881456046287,0.9558823529411765,2.034163641349903,0.9481132075471698,0.3333333333333333,0.5,0.1,1.0,0.05,0.008,20,132.0,开合跳,65.0,kaihe,D:\data\PPG_HeartRate\Algorithm\Algorithm\outline-PPGtoHR\data\20260615\multi_kaihe2_TS.csv,HF,20260615/20260615_171523_raw_bandpass_full_K-LMS+H/json/multi_kaihe2_TS-green-raw_bandpass-klms-full-HF-v2.json,20260615,multi_kaihe2_TS.csv,multi_kaihe2_TS,14,6.0,7,2.0,9,0.2,TS,4.5,0,78
23.900084073869078,0.12987012987012986,2.9106921784259776,0.8914285714285715,9.324117479811369,0.6587301587301587,klms,full,20260615,D:\data\PPG_HeartRate\Algorithm\Algorithm\outline-PPGtoHR\data\20260615\multi_tiaosheng1_TS.csv,10.098946124894983,0.4166666666666667,1.5999224096020217,0.9345238095238095,4.432930314699675,0.7619047619047619,50,1.81752341622702,0.9523809523809523,1.6304399877270217,0.9285714285714286,1.6928011305603543,0.9365079365079365,0.5,1.3333333333333333,0.05,1.0,0.5,0.008,20,156.0,跳绳,81.0,tiaosheng,D:\data\PPG_HeartRate\Algorithm\Algorithm\outline-PPGtoHR\data\20260615\multi_tiaosheng1_TS.csv,HF,20260615/20260615_171523_raw_bandpass_full_K-LMS+H/json/multi_tiaosheng1_TS-green-raw_bandpass-klms-full-HF-v2.json,20260615,multi_tiaosheng1_TS.csv,multi_tiaosheng1_TS,10,5.0,5,4.0,9,0.2,TS,4.5,0,86
