adaptive_filter,analysis_scope,candidate_report_rel,candidate_sample,data_date,data_path,independent_hf_total_aae,motion_end_s,motion_label,motion_start_s,motion_type,raw_data_path,ref_path,reference_order_key,report_rel,research_bucket,sample,sample_stem,shared_hf_motion_aae,shared_hf_motion_hit_rate_5bpm,shared_hf_rest_aae,shared_hf_rest_hit_rate_5bpm,shared_hf_total_aae,shared_hf_total_hit_rate_5bpm,shared_minus_independent_aae,subject,unreliable_windows,used_adaptive_windows
klms,full,20260512+19/20260519/20260519_230242_full_K-LMS+H/json/multi_bobi1-green-klms-full-HF-v2.json,multi_bobi1,20260519,D:\data\PPG_HeartRate\Algorithm\Algorithm\outline-PPGtoHR\data\20260519\multi_bobi1.csv,4.149555459443933,125.0,波比跳,63.0,bobi,D:\data\PPG_HeartRate\Algorithm\Algorithm\outline-PPGtoHR\data\20260519\try_2.0\klms\multi_bobi1.csv,D:\data\PPG_HeartRate\Algorithm\Algorithm\outline-PPGtoHR\data\20260519\multi_bobi1_HR_ref.csv,HF,20260512+19/20260519/20260519_230242_full_K-LMS+H/json/multi_bobi1-green-klms-full-HF-v2.json,20260512+19,multi_bobi1.csv,multi_bobi1,48.511735459872824,0.09375,18.046084779107115,0.539568345323741,27.65101898388054,0.39901477832512317,23.50146352443661,LYX,0,121
klms,full,20260512+19/20260519/20260519_230242_full_K-LMS+H/json/multi_bobi1-green-klms-full-HF-v2.json,multi_bobi1,20260519,D:\data\PPG_HeartRate\Algorithm\Algorithm\outline-PPGtoHR\data\20260519\multi_bobi2.csv,3.6234266372560526,127.0,波比跳,66.0,bobi,D:\data\PPG_HeartRate\Algorithm\Algorithm\outline-PPGtoHR\data\20260519\trynew2.0\multi_bobi2.csv,D:\data\PPG_HeartRate\Algorithm\Algorithm\outline-PPGtoHR\data\20260519\multi_bobi2_HR_ref.csv,HF,20260512+19/20260519/20260519_230242_full_K-LMS+H/json/multi_bobi2-green-raw_bandpass-klms-full-HF-v2.json,20260512+19,multi_bobi2.csv,multi_bobi2,42.77740216408334,0.1232876712328767,16.95417741368529,0.5153846153846153,26.24036168353286,0.37438423645320196,22.616935046276808,LYX,0,94
klms,full,20260512+19/20260519/20260519_230242_full_K-LMS+H/json/multi_bobi1-green-klms-full-HF-v2.json,multi_bobi1,20260519,D:\data\PPG_HeartRate\Algorithm\Algorithm\outline-PPGtoHR\data\20260519\multi_bobi3.csv,5.194062712127057,123.0,波比跳,61.0,bobi,D:\data\PPG_HeartRate\Algorithm\Algorithm\outline-PPGtoHR\data\20260519\trynew\multi_bobi3.csv,D:\data\PPG_HeartRate\Algorithm\Algorithm\outline-PPGtoHR\data\20260519\multi_bobi3_HR_ref.csv,HF,20260512+19/20260519/20260519_230242_full_K-LMS+H/json/multi_bobi3-green-raw_bandpass-klms-full-HF-v2.json,20260512+19,multi_bobi3.csv,multi_bobi3,56.88180469939041,0.10294117647058823,13.101827432746111,0.664179104477612,27.839641562111517,0.4752475247524752,22.64557884998446,LYX,0,125
klms,full,20260512+19/20260519/20260519_230242_full_K-LMS+H/json/multi_bobi1-green-klms-full-HF-v2.json,multi_bobi1,20260613,D:\data\PPG_HeartRate\Algorithm\Algorithm\outline-PPGtoHR\data\20260613\multi_bobi1.csv,5.258130064054614,132.0,波比跳,62.0,bobi,D:\data\PPG_HeartRate\Algorithm\Algorithm\outline-PPGtoHR\data\20260613\bobi1-KLMS\multi_bobi1.csv,D:\data\PPG_HeartRate\Algorithm\Algorithm\outline-PPGtoHR\data\20260613\multi_bobi1_HR_ref.csv,HF,20260607+13/20260613/20260613_162650_raw_bandpass_full_K-LMS+H/json/multi_bobi1-green-raw_bandpass-klms-full-HF-v2.json,20260607+13,multi_bobi1.csv,multi_bobi1,38.41133335767858,0.09333333333333334,10.925046057148402,0.6259541984732825,20.932189491807446,0.4320388349514563,15.674059427752832,LYX,0,81
klms,full,20260512+19/20260519/20260519_230242_full_K-LMS+H/json/multi_bobi1-green-klms-full-HF-v2.json,multi_bobi1,20260613,D:\data\PPG_HeartRate\Algorithm\Algorithm\outline-PPGtoHR\data\20260613\multi_bobi2.csv,4.19650666958933,130.0,波比跳,62.0,bobi,D:\data\PPG_HeartRate\Algorithm\Algorithm\outline-PPGtoHR\data\20260613\multi_bobi2.csv,D:\data\PPG_HeartRate\Algorithm\Algorithm\outline-PPGtoHR\data\20260613\multi_bobi2_HR_ref.csv,HF,20260607+13/20260613/20260613_162650_raw_bandpass_full_K-LMS+H/json/multi_bobi2-green-raw_bandpass-klms-full-HF-v2.json,20260607+13,multi_bobi2.csv,multi_bobi2,40.321337947821064,0.09859154929577464,7.145630340011646,0.6285714285714286,18.309020103776902,0.45023696682464454,14.112513434187573,LYX,0,137
klms,full,20260512+19/20260519/20260519_230242_full_K-LMS+H/json/multi_bobi1-green-klms-full-HF-v2.json,multi_bobi1,20260615,D:\data\PPG_HeartRate\Algorithm\Algorithm\outline-PPGtoHR\data\20260615\multi_bobi2_TS.csv,2.698077445988626,132.0,波比跳,65.0,bobi,D:\data\PPG_HeartRate\Algorithm\Algorithm\outline-PPGtoHR\data\20260615\multi_bobi2_TS.csv,D:\data\PPG_HeartRate\Algorithm\Algorithm\outline-PPGtoHR\data\20260615\multi_bobi2_TS_HR_ref.csv,HF,20260615/20260615_171523_raw_bandpass_full_K-LMS+H/json/multi_bobi2_TS-green-raw_bandpass-klms-full-HF-v2.json,20260615,multi_bobi2_TS.csv,multi_bobi2_TS,45.27925327399761,0.09859154929577464,22.739361911444615,0.4166666666666667,29.789283879467803,0.31718061674008813,27.091206433479176,TS,0,167
lms,full,20260615/20260615_171438_raw_bandpass_full_LMS+H/json/multi_bobi2_TS-green-raw_bandpass-lms-full-HF-v2.json,multi_bobi2_TS,20260519,D:\data\PPG_HeartRate\Algorithm\Algorithm\outline-PPGtoHR\data\20260519\multi_bobi1.csv,5.304270509150712,123.0,波比跳,64.0,bobi,D:\data\PPG_HeartRate\Algorithm\Algorithm\outline-PPGtoHR\data\20260519\multi_bobi1.csv,D:\data\PPG_HeartRate\Algorithm\Algorithm\outline-PPGtoHR\data\20260519\multi_bobi1_HR_ref.csv,HF,20260512+19/20260519/20260614_204603_raw_bandpass_full_LMS+H/json/multi_bobi1-green-raw_bandpass-lms-full-HF-v2.json,20260512+19,multi_bobi1.csv,multi_bobi1,46.8871794570872,0.078125,10.945575737822036,0.5827338129496403,22.27691878231943,0.4236453201970443,16.97264827316872,LYX,0,138
lms,full,20260615/20260615_171438_raw_bandpass_full_LMS+H/json/multi_bobi2_TS-green-raw_bandpass-lms-full-HF-v2.json,multi_bobi2_TS,20260519,D:\data\PPG_HeartRate\Algorithm\Algorithm\outline-PPGtoHR\data\20260519\multi_bobi2.csv,3.6586691950090273,130.0,波比跳,60.0,bobi,D:\data\PPG_HeartRate\Algorithm\Algorithm\outline-PPGtoHR\data\20260519\multi_bobi2.csv,D:\data\PPG_HeartRate\Algorithm\Algorithm\outline-PPGtoHR\data\20260519\multi_bobi2_HR_ref.csv,HF,20260512+19/20260519/20260614_204603_raw_bandpass_full_LMS+H/json/multi_bobi2-green-raw_bandpass-lms-full-HF-v2.json,20260512+19,multi_bobi2.csv,multi_bobi2,49.78058201746201,0.1232876712328767,19.24755287448013,0.49230769230769234,30.22741064510908,0.35960591133004927,26.568741450100056,LYX,0,100
lms,full,20260615/20260615_171438_raw_bandpass_full_LMS+H/json/multi_bobi2_TS-green-raw_bandpass-lms-full-HF-v2.json,multi_bobi2_TS,20260519,D:\data\PPG_HeartRate\Algorithm\Algorithm\outline-PPGtoHR\data\20260519\multi_bobi3.csv,8.026154708840837,124.0,波比跳,60.0,bobi,D:\data\PPG_HeartRate\Algorithm\Algorithm\outline-PPGtoHR\data\20260519\multi_bobi3.csv,D:\data\PPG_HeartRate\Algorithm\Algorithm\outline-PPGtoHR\data\20260519\multi_bobi3_HR_ref.csv,HF,20260512+19/20260519/20260614_204603_raw_bandpass_full_LMS+H/json/multi_bobi3-green-raw_bandpass-lms-full-HF-v2.json,20260512+19,multi_bobi3.csv,multi_bobi3,49.83280604815394,0.08823529411764706,15.693361218807333,0.417910447761194,27.185847597003217,0.3069306930693069,19.159692888162382,LYX,0,129
lms,full,20260615/20260615_171438_raw_bandpass_full_LMS+H/json/multi_bobi2_TS-green-raw_bandpass-lms-full-HF-v2.json,multi_bobi2_TS,20260519,D:\data\PPG_HeartRate\Algorithm\Algorithm\outline-PPGtoHR\data\20260519\multi_bobi4.csv,15.37554574796703,123.0,波比跳,59.0,bobi,D:\data\PPG_HeartRate\Algorithm\Algorithm\outline-PPGtoHR\data\20260519\multi_bobi4.csv,D:\data\PPG_HeartRate\Algorithm\Algorithm\outline-PPGtoHR\data\20260519\multi_bobi4_HR_ref.csv,HF,20260512+19/20260519/20260614_204603_raw_bandpass_full_LMS+H/json/multi_bobi4-green-raw_bandpass-lms-full-HF-v2.json,20260512+19,multi_bobi4.csv,multi_bobi4,45.57236903128924,0.1076923076923077,28.013864073686065,0.391304347826087,33.63604546405161,0.30049261083743845,18.26049971608458,LYX,0,125
lms,full,20260615/20260615_171438_raw_bandpass_full_LMS+H/json/multi_bobi2_TS-green-raw_bandpass-lms-full-HF-v2.json,multi_bobi2_TS,20260613,D:\data\PPG_HeartRate\Algorithm\Algorithm\outline-PPGtoHR\data\20260613\multi_bobi1.csv,5.649371542757036,134.0,波比跳,62.0,bobi,D:\data\PPG_HeartRate\Algorithm\Algorithm\outline-PPGtoHR\data\20260613\multi_bobi1.csv,D:\data\PPG_HeartRate\Algorithm\Algorithm\outline-PPGtoHR\data\20260613\multi_bobi1_HR_ref.csv,HF,20260607+13/20260613/20260614_195723_raw_bandpass_full_LMS+H/json/multi_bobi1-green-raw_bandpass-lms-full-HF-v2.json,20260607+13,multi_bobi1.csv,multi_bobi1,43.92186250343146,0.06666666666666667,12.96952453207814,0.3816793893129771,24.238579618735905,0.2669902912621359,18.589208075978867,LYX,0,108
lms,full,20260615/20260615_171438_raw_bandpass_full_LMS+H/json/multi_bobi2_TS-green-raw_bandpass-lms-full-HF-v2.json,multi_bobi2_TS,20260613,D:\data\PPG_HeartRate\Algorithm\Algorithm\outline-PPGtoHR\data\20260613\multi_bobi2.csv,4.617353322247644,130.0,波比跳,62.0,bobi,D:\data\PPG_HeartRate\Algorithm\Algorithm\outline-PPGtoHR\data\20260613\multi_bobi2.csv,D:\data\PPG_HeartRate\Algorithm\Algorithm\outline-PPGtoHR\data\20260613\multi_bobi2_HR_ref.csv,HF,20260607+13/20260613/20260614_195723_raw_bandpass_full_LMS+H/json/multi_bobi2-green-raw_bandpass-lms-full-HF-v2.json,20260607+13,multi_bobi2.csv,multi_bobi2,5.3408759364319875,0.6056338028169014,4.82556177713658,0.6071428571428571,4.998961328368685,0.6066350710900474,0.3816080061210405,LYX,0,117
lms,full,20260615/20260615_171438_raw_bandpass_full_LMS+H/json/multi_bobi2_TS-green-raw_bandpass-lms-full-HF-v2.json,multi_bobi2_TS,20260615,D:\data\PPG_HeartRate\Algorithm\Algorithm\outline-PPGtoHR\data\20260615\multi_bobi2_TS.csv,2.1195203508186076,132.0,波比跳,64.0,bobi,D:\data\PPG_HeartRate\Algorithm\Algorithm\outline-PPGtoHR\data\20260615\multi_bobi2_TS.csv,D:\data\PPG_HeartRate\Algorithm\Algorithm\outline-PPGtoHR\data\20260615\multi_bobi2_TS_HR_ref.csv,HF,20260615/20260615_171438_raw_bandpass_full_LMS+H/json/multi_bobi2_TS-green-raw_bandpass-lms-full-HF-v2.json,20260615,multi_bobi2_TS.csv,multi_bobi2_TS,2.206505380438447,0.9014084507042254,2.079931010414706,0.9102564102564102,2.1195203508186076,0.9074889867841409,0.0,TS,0,168
klms,full,20260615/20260615_171523_raw_bandpass_full_K-LMS+H/json/multi_fuwo2_TS-green-raw_bandpass-klms-full-HF-v2.json,multi_fuwo2_TS,20260519,D:\data\PPG_HeartRate\Algorithm\Algorithm\outline-PPGtoHR\data\20260519\multi_fuwo1.csv,4.457576955746761,111.0,俯卧撑,59.0,fuwo,D:\data\PPG_HeartRate\Algorithm\Algorithm\outline-PPGtoHR\data\20260519\nextday\multi_fuwo1.csv,D:\data\PPG_HeartRate\Algorithm\Algorithm\outline-PPGtoHR\data\20260519\multi_fuwo1_HR_ref.csv,HF,20260512+19/20260519/20260519_230242_full_K-LMS+H/json/multi_fuwo1-green-klms-full-HF-v2.json,20260512+19,multi_fuwo1.csv,multi_fuwo1,3.725077873327414,0.8301886792452831,2.8901100664684622,0.8429752066115702,3.144439340971476,0.8390804597701149,-1.3131376147752851,LYX,0,67
klms,full,20260615/20260615_171523_raw_bandpass_full_K-LMS+H/json/multi_fuwo2_TS-green-raw_bandpass-klms-full-HF-v2.json,multi_fuwo2_TS,20260519,D:\data\PPG_HeartRate\Algorithm\Algorithm\outline-PPGtoHR\data\20260519\multi_fuwo2.csv,2.064847530557388,113.0,俯卧撑,60.0,fuwo,D:\data\PPG_HeartRate\Algorithm\Algorithm\outline-PPGtoHR\data\20260519\nextday\multi_fuwo2.csv,D:\data\PPG_HeartRate\Algorithm\Algorithm\outline-PPGtoHR\data\20260519\multi_fuwo2_HR_ref.csv,HF,20260512+19/20260519/20260519_230242_full_K-LMS+H/json/multi_fuwo2-green-klms-full-HF-v2.json,20260512+19,multi_fuwo2.csv,multi_fuwo2,2.533035012734141,0.8793103448275862,4.1051312128681,0.6608695652173913,3.578070059065964,0.7341040462427746,1.5132225285085759,LYX,0,65
klms,full,20260615/20260615_171523_raw_bandpass_full_K-LMS+H/json/multi_fuwo2_TS-green-raw_bandpass-klms-full-HF-v2.json,multi_fuwo2_TS,20260613,D:\data\PPG_HeartRate\Algorithm\Algorithm\outline-PPGtoHR\data\20260613\multi_fuwo1.csv,4.12301592794354,109.0,俯卧撑,62.0,fuwo,D:\data\PPG_HeartRate\Algorithm\Algorithm\outline-PPGtoHR\data\20260613\multi_fuwo1.csv,D:\data\PPG_HeartRate\Algorithm\Algorithm\outline-PPGtoHR\data\20260613\multi_fuwo1_HR_ref.csv,HF,20260607+13/20260613/20260613_162650_raw_bandpass_full_K-LMS+H/json/multi_fuwo1-green-raw_bandpass-klms-full-HF-v2.json,20260607+13,multi_fuwo1.csv,multi_fuwo1,18.582766873191684,0.03773584905660377,6.673710034253398,0.5934959349593496,10.259960105070043,0.42613636363636365,6.1369441771265025,LYX,0,58
klms,full,20260615/20260615_171523_raw_bandpass_full_K-LMS+H/json/multi_fuwo2_TS-green-raw_bandpass-klms-full-HF-v2.json,multi_fuwo2_TS,20260613,D:\data\PPG_HeartRate\Algorithm\Algorithm\outline-PPGtoHR\data\20260613\multi_fuwo2.csv,5.78810056161011,120.0,俯卧撑,59.0,fuwo,D:\data\PPG_HeartRate\Algorithm\Algorithm\outline-PPGtoHR\data\20260613\multi_fuwo2.csv,D:\data\PPG_HeartRate\Algorithm\Algorithm\outline-PPGtoHR\data\20260613\multi_fuwo2_HR_ref.csv,HF,20260607+13/20260613/20260613_162650_raw_bandpass_full_K-LMS+H/json/multi_fuwo2-green-raw_bandpass-klms-full-HF-v2.json,20260607+13,multi_fuwo2.csv,multi_fuwo2,22.49261692868854,0.20967741935483872,5.113361591477264,0.5,11.305969815081282,0.39655172413793105,5.517869253471171,LYX,0,68
klms,full,20260615/20260615_171523_raw_bandpass_full_K-LMS+H/json/multi_fuwo2_TS-green-raw_bandpass-klms-full-HF-v2.json,multi_fuwo2_TS,20260615,D:\data\PPG_HeartRate\Algorithm\Algorithm\outline-PPGtoHR\data\20260615\multi_fuwo1_TS.csv,2.590377891952182,85.0,俯卧撑,67.0,fuwo,D:\data\PPG_HeartRate\Algorithm\Algorithm\outline-PPGtoHR\data\20260615\multi_fuwo1_TS.csv,D:\data\PPG_HeartRate\Algorithm\Algorithm\outline-PPGtoHR\data\20260615\multi_fuwo1_TS_HR_ref.csv,HF,20260615/20260615_171523_raw_bandpass_full_K-LMS+H/json/multi_fuwo1_TS-green-raw_bandpass-klms-full-HF-v2.json,20260615,multi_fuwo1_TS.csv,multi_fuwo1_TS,19.12063087925328,0.19318181818181818,4.156716249042065,0.7947019867549668,9.666442137990128,0.5732217573221757,7.076064246037946,TS,0,29
klms,full,20260615/20260615_171523_raw_bandpass_full_K-LMS+H/json/multi_fuwo2_TS-green-raw_bandpass-klms-full-HF-v2.json,multi_fuwo2_TS,20260615,D:\data\PPG_HeartRate\Algorithm\Algorithm\outline-PPGtoHR\data\20260615\multi_fuwo2_TS.csv,2.8508418503171913,144.0,俯卧撑,60.0,fuwo,D:\data\PPG_HeartRate\Algorithm\Algorithm\outline-PPGtoHR\data\20260615\multi_fuwo2_TS.csv,D:\data\PPG_HeartRate\Algorithm\Algorithm\outline-PPGtoHR\data\20260615\multi_fuwo2_TS_HR_ref.csv,HF,20260615/20260615_171523_raw_bandpass_full_K-LMS+H/json/multi_fuwo2_TS-green-raw_bandpass-klms-full-HF-v2.json,20260615,multi_fuwo2_TS.csv,multi_fuwo2_TS,3.9622840879646715,0.7674418604651163,2.1864252563196853,0.9291338582677166,2.903438681303107,0.863849765258216,0.0525968309859155,TS,0,120
lms,full,20260512+19/20260519/20260614_204603_raw_bandpass_full_LMS+H/json/multi_fuwo2-green-raw_bandpass-lms-full-HF-v2.json,multi_fuwo2,20260519,D:\data\PPG_HeartRate\Algorithm\Algorithm\outline-PPGtoHR\data\20260519\multi_fuwo1.csv,4.153440163712537,96.0,俯卧撑,89.0,fuwo,D:\data\PPG_HeartRate\Algorithm\Algorithm\outline-PPGtoHR\data\20260519\multi_fuwo1.csv,D:\data\PPG_HeartRate\Algorithm\Algorithm\outline-PPGtoHR\data\20260519\multi_fuwo1_HR_ref.csv,HF,20260512+19/20260519/20260614_204603_raw_bandpass_full_LMS+H/json/multi_fuwo1-green-raw_bandpass-lms-full-HF-v2.json,20260512+19,multi_fuwo1.csv,multi_fuwo1,5.015790586857203,0.6415094339622641,4.4063474953776645,0.6363636363636364,4.591982460023731,0.6379310344827587,0.43854229631119424,LYX,0,18
lms,full,20260512+19/20260519/20260614_204603_raw_bandpass_full_LMS+H/json/multi_fuwo2-green-raw_bandpass-lms-full-HF-v2.json,multi_fuwo2,20260519,D:\data\PPG_HeartRate\Algorithm\Algorithm\outline-PPGtoHR\data\20260519\multi_fuwo2.csv,2.965550732000901,113.0,俯卧撑,60.0,fuwo,D:\data\PPG_HeartRate\Algorithm\Algorithm\outline-PPGtoHR\data\20260519\multi_fuwo2.csv,D:\data\PPG_HeartRate\Algorithm\Algorithm\outline-PPGtoHR\data\20260519\multi_fuwo2_HR_ref.csv,HF,20260512+19/20260519/20260614_204603_raw_bandpass_full_LMS+H/json/multi_fuwo2-green-raw_bandpass-lms-full-HF-v2.json,20260512+19,multi_fuwo2.csv,multi_fuwo2,8.543847675647731,0.5862068965517241,3.289635018316625,0.8173913043478261,5.051162961236881,0.7398843930635838,2.0856122292359798,LYX,0,64
lms,full,20260512+19/20260519/20260614_204603_raw_bandpass_full_LMS+H/json/multi_fuwo2-green-raw_bandpass-lms-full-HF-v2.json,multi_fuwo2,20260519,D:\data\PPG_HeartRate\Algorithm\Algorithm\outline-PPGtoHR\data\20260519\multi_fuwo3.csv,5.230279843056324,78.0,俯卧撑,69.0,fuwo,D:\data\PPG_HeartRate\Algorithm\Algorithm\outline-PPGtoHR\data\20260519\multi_fuwo3.csv,D:\data\PPG_HeartRate\Algorithm\Algorithm\outline-PPGtoHR\data\20260519\multi_fuwo3_HR_ref.csv,HF,20260512+19/20260519/20260614_204603_raw_bandpass_full_LMS+H/json/multi_fuwo3-green-raw_bandpass-lms-full-HF-v2.json,20260512+19,multi_fuwo3.csv,multi_fuwo3,32.07840123550542,0.12727272727272726,2.799598040875966,0.825,12.001507616330935,0.6057142857142858,6.771227773274611,LYX,0,46
lms,full,20260512+19/20260519/20260614_204603_raw_bandpass_full_LMS+H/json/multi_fuwo2-green-raw_bandpass-lms-full-HF-v2.json,multi_fuwo2,20260613,D:\data\PPG_HeartRate\Algorithm\Algorithm\outline-PPGtoHR\data\20260613\multi_fuwo1.csv,4.612776316653323,112.0,俯卧撑,61.0,fuwo,D:\data\PPG_HeartRate\Algorithm\Algorithm\outline-PPGtoHR\data\20260613\multi_fuwo1.csv,D:\data\PPG_HeartRate\Algorithm\Algorithm\outline-PPGtoHR\data\20260613\multi_fuwo1_HR_ref.csv,HF,20260607+13/20260613/20260614_195723_raw_bandpass_full_LMS+H/json/multi_fuwo1-green-raw_bandpass-lms-full-HF-v2.json,20260607+13,multi_fuwo1.csv,multi_fuwo1,9.031205714712113,0.3018867924528302,5.933386590776986,0.5691056910569106,6.866252576961997,0.48863636363636365,2.2534762603086733,LYX,0,62
lms,full,20260512+19/20260519/20260614_204603_raw_bandpass_full_LMS+H/json/multi_fuwo2-green-raw_bandpass-lms-full-HF-v2.json,multi_fuwo2,20260613,D:\data\PPG_HeartRate\Algorithm\Algorithm\outline-PPGtoHR\data\20260613\multi_fuwo2.csv,4.956153936709201,100.0,俯卧撑,61.0,fuwo,D:\data\PPG_HeartRate\Algorithm\Algorithm\outline-PPGtoHR\data\20260613\multi_fuwo2.csv,D:\data\PPG_HeartRate\Algorithm\Algorithm\outline-PPGtoHR\data\20260613\multi_fuwo2_HR_ref.csv,HF,20260607+13/20260613/20260614_195723_raw_bandpass_full_LMS+H/json/multi_fuwo2-green-raw_bandpass-lms-full-HF-v2.json,20260607+13,multi_fuwo2.csv,multi_fuwo2,14.5601165739136,0.3548387096774194,5.0834201204500875,0.5089285714285714,8.460174029155478,0.4540229885057471,3.504020092446277,LYX,0,78
lms,full,20260512+19/20260519/20260614_204603_raw_bandpass_full_LMS+H/json/multi_fuwo2-green-raw_bandpass-lms-full-HF-v2.json,multi_fuwo2,20260615,D:\data\PPG_HeartRate\Algorithm\Algorithm\outline-PPGtoHR\data\20260615\multi_fuwo1_TS.csv,3.2493487229497355,153.0,俯卧撑,66.0,fuwo,D:\data\PPG_HeartRate\Algorithm\Algorithm\outline-PPGtoHR\data\recal\multi_fuwo1_TS.csv,D:\data\PPG_HeartRate\Algorithm\Algorithm\outline-PPGtoHR\data\20260615\multi_fuwo1_TS_HR_ref.csv,HF,20260615/20260615_171438_raw_bandpass_full_LMS+H/json/multi_fuwo1_TS-green-raw_bandpass-lms-full-HF-v2.json,20260615,multi_fuwo1_TS.csv,multi_fuwo1_TS,32.730900514758055,0.045454545454545456,8.332690591742189,0.7549668874172185,17.3161319023087,0.49372384937238495,14.066783179358966,TS,0,101
lms,full,20260512+19/20260519/20260614_204603_raw_bandpass_full_LMS+H/json/multi_fuwo2-green-raw_bandpass-lms-full-HF-v2.json,multi_fuwo2,20260615,D:\data\PPG_HeartRate\Algorithm\Algorithm\outline-PPGtoHR\data\20260615\multi_fuwo2_TS.csv,3.0565555930474764,144.0,俯卧撑,59.0,fuwo,D:\data\PPG_HeartRate\Algorithm\Algorithm\outline-PPGtoHR\data\recal\multi_fuwo2_TS.csv,D:\data\PPG_HeartRate\Algorithm\Algorithm\outline-PPGtoHR\data\20260615\multi_fuwo2_TS_HR_ref.csv,HF,20260615/20260615_171438_raw_bandpass_full_LMS+H/json/multi_fuwo2_TS-green-raw_bandpass-lms-full-HF-v2.json,20260615,multi_fuwo2_TS.csv,multi_fuwo2_TS,7.971140156998223,0.6046511627906976,2.906848315377004,0.8503937007874016,4.951585866454119,0.7511737089201878,1.8950302734066424,TS,0,104
klms,full,20260615/20260615_171523_raw_bandpass_full_K-LMS+H/json/multi_kaihe1_TS-green-raw_bandpass-klms-full-HF-v2.json,multi_kaihe1_TS,20260519,D:\data\PPG_HeartRate\Algorithm\Algorithm\outline-PPGtoHR\data\20260519\multi_kaihe1.csv,3.7849439120367214,125.0,开合跳,59.0,kaihe,D:\data\PPG_HeartRate\Algorithm\Algorithm\outline-PPGtoHR\data\20260519\trynew2.0\multi_kaihe1.csv,D:\data\PPG_HeartRate\Algorithm\Algorithm\outline-PPGtoHR\data\20260519\multi_kaihe1_HR_ref.csv,HF,20260512+19/20260519/20260519_230242_full_K-LMS+H/json/multi_kaihe1-green-raw_bandpass-klms-full-HF-v2.json,20260512+19,multi_kaihe1.csv,multi_kaihe1,58.79880135706981,0.08695652173913043,18.16925612663123,0.6742424242424242,32.11671195200567,0.472636815920398,28.331768039968953,LYX,0,83
klms,full,20260615/20260615_171523_raw_bandpass_full_K-LMS+H/json/multi_kaihe1_TS-green-raw_bandpass-klms-full-HF-v2.json,multi_kaihe1_TS,20260519,D:\data\PPG_HeartRate\Algorithm\Algorithm\outline-PPGtoHR\data\20260519\multi_kaihe2.csv,2.7981666591834014,126.0,开合跳,61.0,kaihe,D:\data\PPG_HeartRate\Algorithm\Algorithm\outline-PPGtoHR\data\20260519\trynew2.0\multi_kaihe2.csv,D:\data\PPG_HeartRate\Algorithm\Algorithm\outline-PPGtoHR\data\20260519\multi_kaihe2_HR_ref.csv,HF,20260512+19/20260519/20260519_230242_full_K-LMS+H/json/multi_kaihe2-green-raw_bandpass-klms-full-HF-v2.json,20260512+19,multi_kaihe2.csv,multi_kaihe2,62.44171181675914,0.08823529411764706,22.92897583496085,0.5407407407407407,36.16476916876521,0.3891625615763547,33.36660250958181,LYX,0,116
klms,full,20260615/20260615_171523_raw_bandpass_full_K-LMS+H/json/multi_kaihe1_TS-green-raw_bandpass-klms-full-HF-v2.json,multi_kaihe1_TS,20260613,D:\data\PPG_HeartRate\Algorithm\Algorithm\outline-PPGtoHR\data\20260613\multi_kaihe1.csv,3.9454765704976564,129.0,开合跳,63.0,kaihe,D:\data\PPG_HeartRate\Algorithm\Algorithm\outline-PPGtoHR\data\20260613\multi_kaihe1.csv,D:\data\PPG_HeartRate\Algorithm\Algorithm\outline-PPGtoHR\data\20260613\multi_kaihe1_HR_ref.csv,HF,20260607+13/20260613/20260613_162650_raw_bandpass_full_K-LMS+H/json/multi_kaihe1-green-raw_bandpass-klms-full-HF-v2.json,20260607+13,multi_kaihe1.csv,multi_kaihe1,59.28105348007719,0.10294117647058823,14.545741776698527,0.5827338129496403,29.24139972756688,0.4251207729468599,25.295923157069222,LYX,0,130
klms,full,20260615/20260615_171523_raw_bandpass_full_K-LMS+H/json/multi_kaihe1_TS-green-raw_bandpass-klms-full-HF-v2.json,multi_kaihe1_TS,20260613,D:\data\PPG_HeartRate\Algorithm\Algorithm\outline-PPGtoHR\data\20260613\multi_kaihe2.csv,3.8627092695087906,129.0,开合跳,63.0,kaihe,D:\data\PPG_HeartRate\Algorithm\Algorithm\outline-PPGtoHR\data\20260613\multi_kaihe2.csv,D:\data\PPG_HeartRate\Algorithm\Algorithm\outline-PPGtoHR\data\20260613\multi_kaihe2_HR_ref.csv,HF,20260607+13/20260613/20260613_162650_raw_bandpass_full_K-LMS+H/json/multi_kaihe2-green-raw_bandpass-klms-full-HF-v2.json,20260607+13,multi_kaihe2.csv,multi_kaihe2,60.62454176302105,0.058823529411764705,21.615417557352284,0.5531914893617021,34.30738141374212,0.3923444976076555,30.44467214423333,LYX,0,98
klms,full,20260615/20260615_171523_raw_bandpass_full_K-LMS+H/json/multi_kaihe1_TS-green-raw_bandpass-klms-full-HF-v2.json,multi_kaihe1_TS,20260615,D:\data\PPG_HeartRate\Algorithm\Algorithm\outline-PPGtoHR\data\20260615\multi_kaihe1_TS.csv,2.500389025863693,147.0,开合跳,82.0,kaihe,D:\data\PPG_HeartRate\Algorithm\Algorithm\outline-PPGtoHR\data\20260615\multi_kaihe1_TS.csv,D:\data\PPG_HeartRate\Algorithm\Algorithm\outline-PPGtoHR\data\20260615\multi_kaihe1_TS_HR_ref.csv,HF,20260615/20260615_171523_raw_bandpass_full_K-LMS+H/json/multi_kaihe1_TS-green-raw_bandpass-klms-full-HF-v2.json,20260615,multi_kaihe1_TS.csv,multi_kaihe1_TS,3.2019312951205725,0.8507462686567164,2.201004745352796,0.89171974522293,2.500389025863693,0.8794642857142857,0.0,TS,0,117
klms,full,20260615/20260615_171523_raw_bandpass_full_K-LMS+H/json/multi_kaihe1_TS-green-raw_bandpass-klms-full-HF-v2.json,multi_kaihe1_TS,20260615,D:\data\PPG_HeartRate\Algorithm\Algorithm\outline-PPGtoHR\data\20260615\multi_kaihe2_TS.csv,2.034163641349903,132.0,开合跳,65.0,kaihe,D:\data\PPG_HeartRate\Algorithm\Algorithm\outline-PPGtoHR\data\20260615\multi_kaihe2_TS.csv,D:\data\PPG_HeartRate\Algorithm\Algorithm\outline-PPGtoHR\data\20260615\multi_kaihe2_TS_HR_ref.csv,HF,20260615/20260615_171523_raw_bandpass_full_K-LMS+H/json/multi_kaihe2_TS-green-raw_bandpass-klms-full-HF-v2.json,20260615,multi_kaihe2_TS.csv,multi_kaihe2_TS,49.55582319649271,0.057971014492753624,29.111581588689525,0.4965034965034965,35.76560362141792,0.35377358490566035,33.73143998006801,TS,0,78
lms,full,20260512+19/20260519/20260614_204603_raw_bandpass_full_LMS+H/json/multi_kaihe2-green-raw_bandpass-lms-full-HF-v2.json,multi_kaihe2,20260519,D:\data\PPG_HeartRate\Algorithm\Algorithm\outline-PPGtoHR\data\20260519\multi_kaihe1.csv,7.790756640029006,125.0,开合跳,59.0,kaihe,D:\data\PPG_HeartRate\Algorithm\Algorithm\outline-PPGtoHR\data\20260519\multi_kaihe1.csv,D:\data\PPG_HeartRate\Algorithm\Algorithm\outline-PPGtoHR\data\20260519\multi_kaihe1_HR_ref.csv,HF,20260512+19/20260519/20260614_204603_raw_bandpass_full_LMS+H/json/multi_kaihe1-green-raw_bandpass-lms-full-HF-v2.json,20260512+19,multi_kaihe1.csv,multi_kaihe1,58.80941616685242,0.08695652173913043,19.84303857495203,0.6439393939393939,33.21955625575366,0.4527363184079602,25.428799615724653,LYX,0,89
lms,full,20260512+19/20260519/20260614_204603_raw_bandpass_full_LMS+H/json/multi_kaihe2-green-raw_bandpass-lms-full-HF-v2.json,multi_kaihe2,20260519,D:\data\PPG_HeartRate\Algorithm\Algorithm\outline-PPGtoHR\data\20260519\multi_kaihe2.csv,2.8348794764692617,126.0,开合跳,61.0,kaihe,D:\data\PPG_HeartRate\Algorithm\Algorithm\outline-PPGtoHR\data\20260519\multi_kaihe2.csv,D:\data\PPG_HeartRate\Algorithm\Algorithm\outline-PPGtoHR\data\20260519\multi_kaihe2_HR_ref.csv,HF,20260512+19/20260519/20260614_204603_raw_bandpass_full_LMS+H/json/multi_kaihe2-green-raw_bandpass-lms-full-HF-v2.json,20260512+19,multi_kaihe2.csv,multi_kaihe2,3.1586902891710404,0.7794117647058824,2.466913003911501,0.8296296296296296,2.6986413556240563,0.812807881773399,-0.13623812084520548,LYX,0,126
lms,full,20260512+19/20260519/20260614_204603_raw_bandpass_full_LMS+H/json/multi_kaihe2-green-raw_bandpass-lms-full-HF-v2.json,multi_kaihe2,20260519,D:\data\PPG_HeartRate\Algorithm\Algorithm\outline-PPGtoHR\data\20260519\multi_kaihe3.csv,19.397120968008643,125.0,开合跳,60.0,kaihe,D:\data\PPG_HeartRate\Algorithm\Algorithm\outline-PPGtoHR\data\20260519\multi_kaihe3.csv,D:\data\PPG_HeartRate\Algorithm\Algorithm\outline-PPGtoHR\data\20260519\multi_kaihe3_HR_ref.csv,HF,20260512+19/20260519/20260614_204603_raw_bandpass_full_LMS+H/json/multi_kaihe3-green-raw_bandpass-lms-full-HF-v2.json,20260512+19,multi_kaihe3.csv,multi_kaihe3,61.28331373478298,0.05714285714285714,15.862907252629808,0.5303030303030303,31.602652073177946,0.36633663366336633,12.205531105169303,LYX,0,119
lms,full,20260512+19/20260519/20260614_204603_raw_bandpass_full_LMS+H/json/multi_kaihe2-green-raw_bandpass-lms-full-HF-v2.json,multi_kaihe2,20260519,D:\data\PPG_HeartRate\Algorithm\Algorithm\outline-PPGtoHR\data\20260519\multi_kaihe4.csv,8.764240571861787,127.0,开合跳,60.0,kaihe,D:\data\PPG_HeartRate\Algorithm\Algorithm\outline-PPGtoHR\data\20260519\multi_kaihe4.csv,D:\data\PPG_HeartRate\Algorithm\Algorithm\outline-PPGtoHR\data\20260519\multi_kaihe4_HR_ref.csv,HF,20260512+19/20260519/20260614_204603_raw_bandpass_full_LMS+H/json/multi_kaihe4-green-raw_bandpass-lms-full-HF-v2.json,20260512+19,multi_kaihe4.csv,multi_kaihe4,63.581898431893606,0.04285714285714286,23.40089315209787,0.5681818181818182,37.32500389262115,0.38613861386138615,28.56076332075936,LYX,0,89
lms,full,20260512+19/20260519/20260614_204603_raw_bandpass_full_LMS+H/json/multi_kaihe2-green-raw_bandpass-lms-full-HF-v2.json,multi_kaihe2,20260613,D:\data\PPG_HeartRate\Algorithm\Algorithm\outline-PPGtoHR\data\20260613\multi_kaihe1.csv,4.052824378679341,129.0,开合跳,63.0,kaihe,D:\data\PPG_HeartRate\Algorithm\Algorithm\outline-PPGtoHR\data\20260613\multi_kaihe1.csv,D:\data\PPG_HeartRate\Algorithm\Algorithm\outline-PPGtoHR\data\20260613\multi_kaihe1_HR_ref.csv,HF,20260607+13/20260613/20260614_195723_raw_bandpass_full_LMS+H/json/multi_kaihe1-green-raw_bandpass-lms-full-HF-v2.json,20260607+13,multi_kaihe1.csv,multi_kaihe1,60.8535245520112,0.08823529411764706,14.911393889772187,0.6115107913669064,30.003494783647806,0.4396135265700483,25.950670404968463,LYX,0,124
lms,full,20260512+19/20260519/20260614_204603_raw_bandpass_full_LMS+H/json/multi_kaihe2-green-raw_bandpass-lms-full-HF-v2.json,multi_kaihe2,20260613,D:\data\PPG_HeartRate\Algorithm\Algorithm\outline-PPGtoHR\data\20260613\multi_kaihe2.csv,3.712355313160563,129.0,开合跳,63.0,kaihe,D:\data\PPG_HeartRate\Algorithm\Algorithm\outline-PPGtoHR\data\20260613\multi_kaihe2.csv,D:\data\PPG_HeartRate\Algorithm\Algorithm\outline-PPGtoHR\data\20260613\multi_kaihe2_HR_ref.csv,HF,20260607+13/20260613/20260614_195723_raw_bandpass_full_LMS+H/json/multi_kaihe2-green-raw_bandpass-lms-full-HF-v2.json,20260607+13,multi_kaihe2.csv,multi_kaihe2,61.04460725015342,0.058823529411764705,18.895694580685046,0.624113475177305,32.609216406158005,0.44019138755980863,28.89686109299744,LYX,0,89
lms,full,20260512+19/20260519/20260614_204603_raw_bandpass_full_LMS+H/json/multi_kaihe2-green-raw_bandpass-lms-full-HF-v2.json,multi_kaihe2,20260615,D:\data\PPG_HeartRate\Algorithm\Algorithm\outline-PPGtoHR\data\20260615\multi_kaihe1_TS.csv,2.932553191243572,147.0,开合跳,82.0,kaihe,D:\data\PPG_HeartRate\Algorithm\Algorithm\outline-PPGtoHR\data\20260615\multi_kaihe1_TS.csv,D:\data\PPG_HeartRate\Algorithm\Algorithm\outline-PPGtoHR\data\20260615\multi_kaihe1_TS_HR_ref.csv,HF,20260615/20260615_171438_raw_bandpass_full_LMS+H/json/multi_kaihe1_TS-green-raw_bandpass-lms-full-HF-v2.json,20260615,multi_kaihe1_TS.csv,multi_kaihe1_TS,23.202720997517844,0.44776119402985076,10.397284178156847,0.7133757961783439,14.227481798233574,0.6339285714285714,11.294928606990002,TS,0,147
lms,full,20260512+19/20260519/20260614_204603_raw_bandpass_full_LMS+H/json/multi_kaihe2-green-raw_bandpass-lms-full-HF-v2.json,multi_kaihe2,20260615,D:\data\PPG_HeartRate\Algorithm\Algorithm\outline-PPGtoHR\data\20260615\multi_kaihe2_TS.csv,2.3103399915741063,132.0,开合跳,65.0,kaihe,D:\data\PPG_HeartRate\Algorithm\Algorithm\outline-PPGtoHR\data\20260615\multi_kaihe2_TS.csv,D:\data\PPG_HeartRate\Algorithm\Algorithm\outline-PPGtoHR\data\20260615\multi_kaihe2_TS_HR_ref.csv,HF,20260615/20260615_171438_raw_bandpass_full_LMS+H/json/multi_kaihe2_TS-green-raw_bandpass-lms-full-HF-v2.json,20260615,multi_kaihe2_TS.csv,multi_kaihe2_TS,39.15799866254958,0.2898550724637681,22.610357939408498,0.5524475524475524,27.996146665336486,0.4669811320754717,25.68580667376238,TS,0,152
klms,full,20260607+13/20260613/20260613_162650_raw_bandpass_full_K-LMS+H/json/multi_tiaosheng1-green-raw_bandpass-klms-full-HF-v2.json,multi_tiaosheng1,20260613,D:\data\PPG_HeartRate\Algorithm\Algorithm\outline-PPGtoHR\data\20260613\multi_tiaosheng1.csv,5.002477691789027,129.0,跳绳,62.0,tiaosheng,D:\data\PPG_HeartRate\Algorithm\Algorithm\outline-PPGtoHR\data\20260613\multi_tiaosheng1.csv,D:\data\PPG_HeartRate\Algorithm\Algorithm\outline-PPGtoHR\data\20260613\multi_tiaosheng1_HR_ref.csv,HF,20260607+13/20260613/20260613_162650_raw_bandpass_full_K-LMS+H/json/multi_tiaosheng1-green-raw_bandpass-klms-full-HF-v2.json,20260607+13,multi_tiaosheng1.csv,multi_tiaosheng1,6.704841672347677,0.4225352112676056,3.784472318645863,0.7164179104477612,4.795917314318198,0.6146341463414634,-0.20656037747082845,LYX,0,78
klms,full,20260607+13/20260613/20260613_162650_raw_bandpass_full_K-LMS+H/json/multi_tiaosheng1-green-raw_bandpass-klms-full-HF-v2.json,multi_tiaosheng1,20260613,D:\data\PPG_HeartRate\Algorithm\Algorithm\outline-PPGtoHR\data\20260613\multi_tiaosheng2.csv,4.435024303177235,124.0,跳绳,59.0,tiaosheng,D:\data\PPG_HeartRate\Algorithm\Algorithm\outline-PPGtoHR\data\20260613\multi_tiaosheng2.csv,D:\data\PPG_HeartRate\Algorithm\Algorithm\outline-PPGtoHR\data\20260613\multi_tiaosheng2_HR_ref.csv,HF,20260607+13/20260613/20260613_162650_raw_bandpass_full_K-LMS+H/json/multi_tiaosheng2-green-raw_bandpass-klms-full-HF-v2.json,20260607+13,multi_tiaosheng2.csv,multi_tiaosheng2,6.143555989595654,0.5285714285714286,4.554350134611835,0.6056338028169014,5.079087916917813,0.5801886792452831,0.6440636137405784,LYX,0,101
klms,full,20260607+13/20260613/20260613_162650_raw_bandpass_full_K-LMS+H/json/multi_tiaosheng1-green-raw_bandpass-klms-full-HF-v2.json,multi_tiaosheng1,20260615,D:\data\PPG_HeartRate\Algorithm\Algorithm\outline-PPGtoHR\data\20260615\multi_tiaosheng1_TS.csv,1.6928011305603543,156.0,跳绳,81.0,tiaosheng,D:\data\PPG_HeartRate\Algorithm\Algorithm\outline-PPGtoHR\data\20260615\multi_tiaosheng1_TS.csv,D:\data\PPG_HeartRate\Algorithm\Algorithm\outline-PPGtoHR\data\20260615\multi_tiaosheng1_TS_HR_ref.csv,HF,20260615/20260615_171523_raw_bandpass_full_K-LMS+H/json/multi_tiaosheng1_TS-green-raw_bandpass-klms-full-HF-v2.json,20260615,multi_tiaosheng1_TS.csv,multi_tiaosheng1_TS,16.94308519768393,0.5064935064935064,1.8334466682755524,0.9142857142857143,6.450280663372557,0.7896825396825397,4.757479532812203,TS,0,86
lms,full,20260512+19/20260512-alltiaosheng/20260616_101037_raw_bandpass_full_LMS+H/json/multi_tiaosheng6-green-raw_bandpass-lms-full-HF-v2.json,multi_tiaosheng6,20260512,D:\data\PPG_HeartRate\Algorithm\Algorithm\outline-PPGtoHR\data\20260512\group_test\multi_tiaosheng4.csv,3.748593809573927,139.0,跳绳,66.0,tiaosheng,D:\data\PPG_HeartRate\Algorithm\Algorithm\outline-PPGtoHR\data\20260512\group_test\multi_tiaosheng4.csv,D:\data\PPG_HeartRate\Algorithm\Algorithm\outline-PPGtoHR\data\20260512\group_test\multi_tiaosheng4_HR_ref.csv,HF,20260512+19/20260512-alltiaosheng/20260616_101037_raw_bandpass_full_LMS+H/json/multi_tiaosheng4-green-raw_bandpass-lms-full-HF-v2.json,20260512+19,multi_tiaosheng4.csv,multi_tiaosheng4,8.26662017214083,0.581081081081081,1.81779660646598,0.9117647058823529,4.090239196275213,0.7952380952380952,0.3416453867012863,LYX,0,84
lms,full,20260512+19/20260512-alltiaosheng/20260616_101037_raw_bandpass_full_LMS+H/json/multi_tiaosheng6-green-raw_bandpass-lms-full-HF-v2.json,multi_tiaosheng6,20260512,D:\data\PPG_HeartRate\Algorithm\Algorithm\outline-PPGtoHR\data\20260512\group_test\multi_tiaosheng5.csv,2.94122387962966,128.0,跳绳,57.0,tiaosheng,D:\data\PPG_HeartRate\Algorithm\Algorithm\outline-PPGtoHR\data\20260512\group_test\multi_tiaosheng5.csv,D:\data\PPG_HeartRate\Algorithm\Algorithm\outline-PPGtoHR\data\20260512\group_test\multi_tiaosheng5_HR_ref.csv,HF,20260512+19/20260512-alltiaosheng/20260616_101037_raw_bandpass_full_LMS+H/json/multi_tiaosheng5-green-raw_bandpass-lms-full-HF-v2.json,20260512+19,multi_tiaosheng5.csv,multi_tiaosheng5,4.450484087715189,0.6388888888888888,1.9234681628268357,0.9481481481481482,2.8024302236575678,0.8405797101449275,-0.13879365597209237,LYX,0,99
lms,full,20260512+19/20260512-alltiaosheng/20260616_101037_raw_bandpass_full_LMS+H/json/multi_tiaosheng6-green-raw_bandpass-lms-full-HF-v2.json,multi_tiaosheng6,20260512,D:\data\PPG_HeartRate\Algorithm\Algorithm\outline-PPGtoHR\data\20260512\group_test\multi_tiaosheng6.csv,3.391889275533967,129.0,跳绳,57.0,tiaosheng,D:\data\PPG_HeartRate\Algorithm\Algorithm\outline-PPGtoHR\data\20260512\group_test\multi_tiaosheng6.csv,D:\data\PPG_HeartRate\Algorithm\Algorithm\outline-PPGtoHR\data\20260512\group_test\multi_tiaosheng6_HR_ref.csv,HF,20260512+19/20260512-alltiaosheng/20260616_101037_raw_bandpass_full_LMS+H/json/multi_tiaosheng6-green-raw_bandpass-lms-full-HF-v2.json,20260512+19,multi_tiaosheng6.csv,multi_tiaosheng6,5.146151927494061,0.6986301369863014,2.3914113568379767,0.8671875,3.391889275533967,0.8059701492537313,0.0,LYX,0,92
lms,full,20260512+19/20260512-alltiaosheng/20260616_101037_raw_bandpass_full_LMS+H/json/multi_tiaosheng6-green-raw_bandpass-lms-full-HF-v2.json,multi_tiaosheng6,20260512,D:\data\PPG_HeartRate\Algorithm\Algorithm\outline-PPGtoHR\data\20260512\group_test\multi_tiaosheng7.csv,3.400864702928734,135.0,跳绳,57.0,tiaosheng,D:\data\PPG_HeartRate\Algorithm\Algorithm\outline-PPGtoHR\data\20260512\group_test\multi_tiaosheng7.csv,D:\data\PPG_HeartRate\Algorithm\Algorithm\outline-PPGtoHR\data\20260512\group_test\multi_tiaosheng7_HR_ref.csv,HF,20260512+19/20260512-alltiaosheng/20260616_101037_raw_bandpass_full_LMS+H/json/multi_tiaosheng7-green-raw_bandpass-lms-full-HF-v2.json,20260512+19,multi_tiaosheng7.csv,multi_tiaosheng7,7.719263387727656,0.7468354430379747,4.703250114627683,0.5573770491803278,5.88864836624409,0.6318407960199005,2.487783663315356,LYX,0,89
lms,full,20260512+19/20260512-alltiaosheng/20260616_101037_raw_bandpass_full_LMS+H/json/multi_tiaosheng6-green-raw_bandpass-lms-full-HF-v2.json,multi_tiaosheng6,20260607,D:\data\PPG_HeartRate\Algorithm\Algorithm\outline-PPGtoHR\data\20260607\multi_tiaosheng10.csv,3.302414388703824,126.0,跳绳,60.0,tiaosheng,D:\data\PPG_HeartRate\Algorithm\Algorithm\outline-PPGtoHR\data\20260607\4\multi_tiaosheng4.csv,D:\data\PPG_HeartRate\Algorithm\Algorithm\outline-PPGtoHR\data\20260607\multi_tiaosheng10_HR_ref.csv,HF,20260607+13/20260607/20260607_205954_raw_bandpass_full_LMS+H/json/multi_tiaosheng10-green-raw_bandpass-lms-full-HF-v2.json,20260607+13,multi_tiaosheng10.csv,multi_tiaosheng10,4.308496254827459,0.7746478873239436,3.2229999342839863,0.7424242424242424,3.6026562828484523,0.7536945812807881,0.3002418941446283,LYX,0,82
lms,full,20260512+19/20260512-alltiaosheng/20260616_101037_raw_bandpass_full_LMS+H/json/multi_tiaosheng6-green-raw_bandpass-lms-full-HF-v2.json,multi_tiaosheng6,20260607,D:\data\PPG_HeartRate\Algorithm\Algorithm\outline-PPGtoHR\data\20260607\multi_tiaosheng11.csv,4.040105501804372,126.0,跳绳,63.0,tiaosheng,D:\data\PPG_HeartRate\Algorithm\Algorithm\outline-PPGtoHR\data\20260607\tiaosheng\666\multi_tiaosheng11.csv,D:\data\PPG_HeartRate\Algorithm\Algorithm\outline-PPGtoHR\data\20260607\multi_tiaosheng11_HR_ref.csv,HF,20260607+13/20260607/20260607_205954_raw_bandpass_full_LMS+H/json/multi_tiaosheng11-green-raw_bandpass-lms-full-HF-v2.json,20260607+13,multi_tiaosheng11.csv,multi_tiaosheng11,5.920185549435759,0.5571428571428572,2.343855395932296,0.9104477611940298,3.571027507428582,0.7892156862745098,-0.4690779943757897,LYX,0,119
lms,full,20260512+19/20260512-alltiaosheng/20260616_101037_raw_bandpass_full_LMS+H/json/multi_tiaosheng6-green-raw_bandpass-lms-full-HF-v2.json,multi_tiaosheng6,20260607,D:\data\PPG_HeartRate\Algorithm\Algorithm\outline-PPGtoHR\data\20260607\multi_tiaosheng12.csv,4.612245163909285,133.0,跳绳,67.0,tiaosheng,D:\data\PPG_HeartRate\Algorithm\Algorithm\outline-PPGtoHR\data\20260607\tiaosheng\666\multi_tiaosheng12.csv,D:\data\PPG_HeartRate\Algorithm\Algorithm\outline-PPGtoHR\data\20260607\multi_tiaosheng12_HR_ref.csv,HF,20260607+13/20260607/20260607_205954_raw_bandpass_full_LMS+H/json/multi_tiaosheng12-green-raw_bandpass-lms-full-HF-v2.json,20260607+13,multi_tiaosheng12.csv,multi_tiaosheng12,5.042102113112453,0.6285714285714286,2.479874739012137,0.8444444444444444,3.354781647241513,0.7707317073170732,-1.2574635166677721,LYX,0,77
lms,full,20260512+19/20260512-alltiaosheng/20260616_101037_raw_bandpass_full_LMS+H/json/multi_tiaosheng6-green-raw_bandpass-lms-full-HF-v2.json,multi_tiaosheng6,20260607,D:\data\PPG_HeartRate\Algorithm\Algorithm\outline-PPGtoHR\data\20260607\multi_tiaosheng8.csv,4.582131258611264,127.0,跳绳,61.0,tiaosheng,D:\data\PPG_HeartRate\Algorithm\Algorithm\outline-PPGtoHR\data\20260607\2\multi_tiaosheng2.csv,D:\data\PPG_HeartRate\Algorithm\Algorithm\outline-PPGtoHR\data\20260607\multi_tiaosheng8_HR_ref.csv,HF,20260607+13/20260607/20260607_205954_raw_bandpass_full_LMS+H/json/multi_tiaosheng8-green-raw_bandpass-lms-full-HF-v2.json,20260607+13,multi_tiaosheng8.csv,multi_tiaosheng8,10.207375871756152,0.43478260869565216,2.42922347010084,0.8880597014925373,5.073028966229986,0.7339901477832512,0.4908977076187213,LYX,0,102
lms,full,20260512+19/20260512-alltiaosheng/20260616_101037_raw_bandpass_full_LMS+H/json/multi_tiaosheng6-green-raw_bandpass-lms-full-HF-v2.json,multi_tiaosheng6,20260607,D:\data\PPG_HeartRate\Algorithm\Algorithm\outline-PPGtoHR\data\20260607\multi_tiaosheng9.csv,4.974637797898967,127.0,跳绳,61.0,tiaosheng,D:\data\PPG_HeartRate\Algorithm\Algorithm\outline-PPGtoHR\data\20260607\3\multi_tiaosheng3.csv,D:\data\PPG_HeartRate\Algorithm\Algorithm\outline-PPGtoHR\data\20260607\multi_tiaosheng9_HR_ref.csv,HF,20260607+13/20260607/20260607_205954_raw_bandpass_full_LMS+H/json/multi_tiaosheng9-green-raw_bandpass-lms-full-HF-v2.json,20260607+13,multi_tiaosheng9.csv,multi_tiaosheng9,11.51356526533354,0.2898550724637681,3.4143734620523367,0.7669172932330827,6.180929078024629,0.6039603960396039,1.2062912801256624,LYX,0,77
lms,full,20260512+19/20260512-alltiaosheng/20260616_101037_raw_bandpass_full_LMS+H/json/multi_tiaosheng6-green-raw_bandpass-lms-full-HF-v2.json,multi_tiaosheng6,20260613,D:\data\PPG_HeartRate\Algorithm\Algorithm\outline-PPGtoHR\data\20260613\multi_tiaosheng1.csv,4.479422802125266,129.0,跳绳,63.0,tiaosheng,D:\data\PPG_HeartRate\Algorithm\Algorithm\outline-PPGtoHR\data\20260613\multi_tiaosheng1.csv,D:\data\PPG_HeartRate\Algorithm\Algorithm\outline-PPGtoHR\data\20260613\multi_tiaosheng1_HR_ref.csv,HF,20260607+13/20260613/20260614_195723_raw_bandpass_full_LMS+H/json/multi_tiaosheng1-green-raw_bandpass-lms-full-HF-v2.json,20260607+13,multi_tiaosheng1.csv,multi_tiaosheng1,6.19792527355434,0.5070422535211268,3.1340167528574767,0.746268656716418,4.195175313684196,0.6634146341463415,-0.2842474884410704,LYX,0,77
lms,full,20260512+19/20260512-alltiaosheng/20260616_101037_raw_bandpass_full_LMS+H/json/multi_tiaosheng6-green-raw_bandpass-lms-full-HF-v2.json,multi_tiaosheng6,20260613,D:\data\PPG_HeartRate\Algorithm\Algorithm\outline-PPGtoHR\data\20260613\multi_tiaosheng2.csv,3.6074830812478544,124.0,跳绳,60.0,tiaosheng,D:\data\PPG_HeartRate\Algorithm\Algorithm\outline-PPGtoHR\data\20260613\multi_tiaosheng2.csv,D:\data\PPG_HeartRate\Algorithm\Algorithm\outline-PPGtoHR\data\20260613\multi_tiaosheng2_HR_ref.csv,HF,20260607+13/20260613/20260614_195723_raw_bandpass_full_LMS+H/json/multi_tiaosheng2-green-raw_bandpass-lms-full-HF-v2.json,20260607+13,multi_tiaosheng2.csv,multi_tiaosheng2,5.292272507452798,0.5714285714285714,4.907431009810934,0.5845070422535211,5.034501315636077,0.5801886792452831,1.4270182343882225,LYX,0,97
lms,full,20260512+19/20260512-alltiaosheng/20260616_101037_raw_bandpass_full_LMS+H/json/multi_tiaosheng6-green-raw_bandpass-lms-full-HF-v2.json,multi_tiaosheng6,20260615,D:\data\PPG_HeartRate\Algorithm\Algorithm\outline-PPGtoHR\data\20260615\multi_tiaosheng1_TS.csv,1.827483478035035,157.0,跳绳,81.0,tiaosheng,D:\data\PPG_HeartRate\Algorithm\Algorithm\outline-PPGtoHR\data\20260615\multi_tiaosheng1_TS.csv,D:\data\PPG_HeartRate\Algorithm\Algorithm\outline-PPGtoHR\data\20260615\multi_tiaosheng1_TS_HR_ref.csv,HF,20260615/20260615_171438_raw_bandpass_full_LMS+H/json/multi_tiaosheng1_TS-green-raw_bandpass-lms-full-HF-v2.json,20260615,multi_tiaosheng1_TS.csv,multi_tiaosheng1_TS,4.134360994448417,0.7922077922077922,1.3572845758752312,0.9771428571428571,2.205835703772594,0.9206349206349206,0.3783522257375589,TS,0,87
klms,full,20260607+13/20260613/20260613_162650_raw_bandpass_full_K-LMS+H/json/multi_wanju1-green-raw_bandpass-klms-full-HF-v2.json,multi_wanju1,20260613,D:\data\PPG_HeartRate\Algorithm\Algorithm\outline-PPGtoHR\data\20260613\multi_wanju1.csv,3.818655406960781,112.0,弯举,64.0,wanju,D:\data\PPG_HeartRate\Algorithm\Algorithm\outline-PPGtoHR\data\20260613\multi_wanju1.csv,D:\data\PPG_HeartRate\Algorithm\Algorithm\outline-PPGtoHR\data\20260613\multi_wanju1_HR_ref.csv,HF,20260607+13/20260613/20260613_162650_raw_bandpass_full_K-LMS+H/json/multi_wanju1-green-raw_bandpass-klms-full-HF-v2.json,20260607+13,multi_wanju1.csv,multi_wanju1,5.298539245204666,0.6470588235294118,2.7807042715478643,0.8174603174603174,3.5061821453133835,0.768361581920904,-0.31247326164739775,LYX,0,59
klms,full,20260607+13/20260613/20260613_162650_raw_bandpass_full_K-LMS+H/json/multi_wanju1-green-raw_bandpass-klms-full-HF-v2.json,multi_wanju1,20260613,D:\data\PPG_HeartRate\Algorithm\Algorithm\outline-PPGtoHR\data\20260613\multi_wanju2.csv,3.1393887496899113,112.0,弯举,62.0,wanju,D:\data\PPG_HeartRate\Algorithm\Algorithm\outline-PPGtoHR\data\20260613\multi_wanju2.csv,D:\data\PPG_HeartRate\Algorithm\Algorithm\outline-PPGtoHR\data\20260613\multi_wanju2_HR_ref.csv,HF,20260607+13/20260613/20260613_162650_raw_bandpass_full_K-LMS+H/json/multi_wanju2-green-raw_bandpass-klms-full-HF-v2.json,20260607+13,multi_wanju2.csv,multi_wanju2,8.602939622992604,0.5094339622641509,3.2797125536601146,0.7540983606557377,4.891889894657954,0.68,1.7525011449680425,LYX,0,61
lms,full,20260607+13/20260613/20260614_195723_raw_bandpass_full_LMS+H/json/multi_wanju1-green-raw_bandpass-lms-full-HF-v2.json,multi_wanju1,20260613,D:\data\PPG_HeartRate\Algorithm\Algorithm\outline-PPGtoHR\data\20260613\multi_wanju1.csv,4.004492937822352,113.0,弯举,63.0,wanju,D:\data\PPG_HeartRate\Algorithm\Algorithm\outline-PPGtoHR\data\20260613\multi_wanju1.csv,D:\data\PPG_HeartRate\Algorithm\Algorithm\outline-PPGtoHR\data\20260613\multi_wanju1_HR_ref.csv,HF,20260607+13/20260613/20260614_195723_raw_bandpass_full_LMS+H/json/multi_wanju1-green-raw_bandpass-lms-full-HF-v2.json,20260607+13,multi_wanju1.csv,multi_wanju1,6.956834942980891,0.5490196078431373,2.8094973643058005,0.8174603174603174,4.004492937822352,0.7401129943502824,0.0,LYX,0,61
lms,full,20260607+13/20260613/20260614_195723_raw_bandpass_full_LMS+H/json/multi_wanju1-green-raw_bandpass-lms-full-HF-v2.json,multi_wanju1,20260613,D:\data\PPG_HeartRate\Algorithm\Algorithm\outline-PPGtoHR\data\20260613\multi_wanju2.csv,2.6822737346996046,113.0,弯举,61.0,wanju,D:\data\PPG_HeartRate\Algorithm\Algorithm\outline-PPGtoHR\data\20260613\multi_wanju2.csv,D:\data\PPG_HeartRate\Algorithm\Algorithm\outline-PPGtoHR\data\20260613\multi_wanju2_HR_ref.csv,HF,20260607+13/20260613/20260614_195723_raw_bandpass_full_LMS+H/json/multi_wanju2-green-raw_bandpass-lms-full-HF-v2.json,20260607+13,multi_wanju2.csv,multi_wanju2,7.872307205447808,0.3584905660377358,3.521351737830196,0.6967213114754098,4.83906967945153,0.5942857142857143,2.1567959447519254,LYX,0,63
