scenario,motion_type,sample_stem,data_date,subject,lms_hf,lms_acc,lms_fft,lms_hf_vs_acc_delta,klms_hf,klms_acc,klms_fft,klms_vs_lms_delta
跳绳1(0613-LYX),tiaosheng,multi_tiaosheng1,20260613,LYX,65.3658536585366,48.292682926829265,57.073170731707314,17.07317073170733,62.926829268292686,64.8780487804878,57.073170731707314,-2.439024390243908
跳绳1(0615-TS),tiaosheng,multi_tiaosheng1_TS,20260615,TS,92.06349206349206,72.61904761904762,73.80952380952381,19.444444444444443,93.65079365079364,65.87301587301587,76.19047619047619,1.5873015873015817
跳绳2(0613-LYX),tiaosheng,multi_tiaosheng2,20260613,LYX,72.16981132075472,73.11320754716981,55.660377358490564,-0.9433962264150892,67.45283018867924,53.77358490566038,50.47169811320755,-4.716981132075475
跳绳4(0512-LYX),tiaosheng,multi_tiaosheng4,20260512,LYX,80.0,79.52380952380952,68.57142857142857,0.4761904761904816,nan,nan,nan,nan
跳绳5(0512-LYX),tiaosheng,multi_tiaosheng5,20260512,LYX,81.15942028985508,55.55555555555556,56.52173913043478,25.60386473429952,nan,nan,nan,nan
跳绳6(0512-LYX),tiaosheng,multi_tiaosheng6,20260512,LYX,80.59701492537313,71.64179104477611,56.71641791044776,8.955223880597018,nan,nan,nan,nan
跳绳7(0512-LYX),tiaosheng,multi_tiaosheng7,20260512,LYX,78.60696517412936,80.09950248756219,55.223880597014926,-1.492537313432834,nan,nan,nan,nan
跳绳8(0607-LYX),tiaosheng,multi_tiaosheng8,20260607,LYX,68.96551724137932,51.231527093596064,50.73891625615764,17.733990147783253,nan,nan,nan,nan
跳绳9(0607-LYX),tiaosheng,multi_tiaosheng9,20260607,LYX,59.900990099009896,40.099009900990104,42.07920792079208,19.80198019801979,nan,nan,nan,nan
跳绳10(0607-LYX),tiaosheng,multi_tiaosheng10,20260607,LYX,78.32512315270937,57.635467980295566,57.14285714285714,20.6896551724138,nan,nan,nan,nan
跳绳11(0607-LYX),tiaosheng,multi_tiaosheng11,20260607,LYX,72.54901960784314,71.56862745098039,48.03921568627451,0.9803921568627487,nan,nan,nan,nan
跳绳12(0607-LYX),tiaosheng,multi_tiaosheng12,20260607,LYX,62.4390243902439,43.90243902439025,51.21951219512195,18.536585365853654,nan,nan,nan,nan
波比跳1(0519-LYX),bobi,multi_bobi1,20260519,LYX,68.4729064039409,31.03448275862069,33.497536945812804,37.438423645320206,75.86206896551724,39.90147783251231,41.87192118226601,7.389162561576342
波比跳1(0613-LYX),bobi,multi_bobi1,20260613,LYX,57.76699029126213,38.83495145631068,40.77669902912621,18.932038834951456,54.85436893203883,53.398058252427184,40.29126213592233,-2.9126213592233015
波比跳2(0519-LYX),bobi,multi_bobi2,20260519,LYX,71.42857142857143,76.84729064039408,45.320197044334975,-5.418719211822648,74.8768472906404,61.57635467980296,48.275862068965516,3.448275862068968
波比跳2(0613-LYX),bobi,multi_bobi2,20260613,LYX,64.45497630331754,45.97156398104265,46.44549763033176,18.483412322274887,64.92890995260665,45.97156398104265,39.33649289099526,0.4739336492891084
波比跳2(0615-TS),bobi,multi_bobi2_TS,20260615,TS,90.7488986784141,54.18502202643172,26.431718061674008,36.563876651982376,82.37885462555066,85.90308370044053,26.431718061674008,-8.370044052863435
波比跳3(0519-LYX),bobi,multi_bobi3,20260519,LYX,67.82178217821783,39.10891089108911,39.10891089108911,28.71287128712872,64.85148514851485,36.13861386138614,37.62376237623762,-2.9702970297029765
波比跳4(0519-LYX),bobi,multi_bobi4,20260519,LYX,57.635467980295566,55.172413793103445,35.467980295566505,2.463054187192121,nan,nan,nan,nan
俯卧撑1(0519-LYX),fuwo,multi_fuwo1,20260519,LYX,66.66666666666666,49.42528735632184,66.66666666666666,17.24137931034482,60.91954022988506,57.47126436781609,44.827586206896555,-5.747126436781599
俯卧撑1(0613-LYX),fuwo,multi_fuwo1,20260613,LYX,67.61363636363636,65.9090909090909,58.52272727272727,1.7045454545454533,75.56818181818183,46.590909090909086,61.93181818181818,7.9545454545454675
俯卧撑1(0615-TS),fuwo,multi_fuwo1_TS,20260615,TS,77.82426778242679,30.962343096234306,61.50627615062761,46.86192468619248,85.35564853556485,27.19665271966527,87.02928870292888,7.531380753138066
俯卧撑2(0519-LYX),fuwo,multi_fuwo2,20260519,LYX,83.23699421965318,80.34682080924856,73.98843930635837,2.8901734104046284,93.0635838150289,94.21965317919076,63.58381502890174,9.826589595375722
俯卧撑2(0613-LYX),fuwo,multi_fuwo2,20260613,LYX,67.81609195402298,56.32183908045977,56.32183908045977,11.494252873563212,54.02298850574713,46.55172413793103,40.229885057471265,-13.79310344827585
俯卧撑2(0615-TS),fuwo,multi_fuwo2_TS,20260615,TS,82.15962441314554,54.929577464788736,47.88732394366197,27.2300469483568,87.32394366197182,46.478873239436616,52.112676056338024,5.164319248826288
俯卧撑3(0519-LYX),fuwo,multi_fuwo3,20260519,LYX,62.857142857142854,57.14285714285714,58.285714285714285,5.714285714285715,nan,nan,nan,nan
开合跳1(0519-LYX),kaihe,multi_kaihe1,20260519,LYX,68.65671641791045,54.72636815920397,53.73134328358209,13.930348258706474,78.1094527363184,60.19900497512438,54.72636815920397,9.452736318407958
开合跳1(0613-LYX),kaihe,multi_kaihe1,20260613,LYX,71.98067632850241,66.18357487922705,40.57971014492754,5.79710144927536,71.01449275362319,40.57971014492754,36.71497584541063,-0.9661835748792242
开合跳1(0615-TS),kaihe,multi_kaihe1_TS,20260615,TS,83.03571428571429,86.16071428571429,33.035714285714285,-3.125,87.94642857142857,87.94642857142857,47.767857142857146,4.910714285714278
开合跳2(0519-LYX),kaihe,multi_kaihe2,20260519,LYX,80.78817733990148,83.2512315270936,36.94581280788177,-2.463054187192114,78.81773399014779,37.93103448275862,36.94581280788177,-1.970443349753694
开合跳2(0613-LYX),kaihe,multi_kaihe2,20260613,LYX,70.81339712918661,53.110047846889955,52.63157894736842,17.703349282296656,70.33492822966507,50.717703349282296,41.62679425837321,-0.4784688995215447
开合跳2(0615-TS),kaihe,multi_kaihe2_TS,20260615,TS,90.56603773584906,32.075471698113205,36.79245283018868,58.49056603773586,94.81132075471697,61.32075471698113,84.90566037735849,4.245283018867909
开合跳3(0519-LYX),kaihe,multi_kaihe3,20260519,LYX,43.06930693069307,38.11881188118812,35.148514851485146,4.950495049504944,nan,nan,nan,nan
开合跳4(0519-LYX),kaihe,multi_kaihe4,20260519,LYX,58.415841584158414,47.02970297029702,47.02970297029702,11.386138613861391,nan,nan,nan,nan
弯举1(0613-LYX),wanju,multi_wanju1,20260613,LYX,74.01129943502825,64.97175141242938,79.66101694915254,9.039548022598865,74.57627118644068,75.70621468926554,64.40677966101694,0.5649717514124291
弯举2(0613-LYX),wanju,multi_wanju2,20260613,LYX,80.57142857142857,77.71428571428571,74.28571428571429,2.857142857142861,78.85714285714286,78.85714285714286,66.85714285714286,-1.7142857142857082
平均,,,,,72.23763458895591,57.911585553762166,51.468481535297606,14.326049035193742,75.32628894210859,57.35569010385373,52.227514091089205,0.7161145521268435
