role,cohort,case_id,report_name,variant,adaptive_filter,ppg_input_transform,reference_groups_order,report_final_aae_bpm,reacquire_enable,penalty_confidence_enable,all_mae_bpm,motion_mae_bpm,motion_p90_abs_error_bpm,motion_longest_fail_gt10_windows,recovery_mae_bpm,reacquire_triggered_windows,penalty_confidence_min
main_repair,20260617,multi_kaihe1,multi_kaihe1-green-raw_bandpass-lms-full-HF-v2.json,legacy,lms,raw_bandpass,HF,25.481950307448834,False,False,25.382559576746957,65.43952436930935,86.859765625,64,70.40593146433096,0,1.0
main_repair,20260617,multi_kaihe1,multi_kaihe1-green-raw_bandpass-lms-full-HF-v2.json,penalty_only,lms,raw_bandpass,HF,25.481950307448834,False,True,25.382559576746957,65.43952436930935,86.859765625,64,70.40593146433096,0,0.016844093211525576
main_repair,20260617,multi_kaihe1,multi_kaihe1-green-raw_bandpass-lms-full-HF-v2.json,reacquire_only,lms,raw_bandpass,HF,25.481950307448834,True,False,9.726066604258916,23.602566580130254,43.58383029121032,36,23.492845526830962,1,1.0
main_repair,20260617,multi_kaihe1,multi_kaihe1-green-raw_bandpass-lms-full-HF-v2.json,combined,lms,raw_bandpass,HF,25.481950307448834,True,True,9.722562193373749,23.591634910354134,43.58383029121032,36,23.492845526830962,1,0.016844093211525576
main_repair,20260617,multi_kaihe2,multi_kaihe2-green-raw_bandpass-lms-full-HF-v2.json,legacy,lms,raw_bandpass,HF,24.110153105403395,False,False,23.54198342873976,62.575442323564786,86.673828125,63,61.66483770917311,0,1.0
main_repair,20260617,multi_kaihe2,multi_kaihe2-green-raw_bandpass-lms-full-HF-v2.json,penalty_only,lms,raw_bandpass,HF,24.110153105403395,False,True,23.54198342873976,62.575442323564786,86.673828125,63,61.66483770917311,0,0.0051850512624669245
main_repair,20260617,multi_kaihe2,multi_kaihe2-green-raw_bandpass-lms-full-HF-v2.json,reacquire_only,lms,raw_bandpass,HF,24.110153105403395,True,False,5.379718184344222,13.669055573303881,46.89854146096053,15,1.0372628162079813,1,1.0
main_repair,20260617,multi_kaihe2,multi_kaihe2-green-raw_bandpass-lms-full-HF-v2.json,combined,lms,raw_bandpass,HF,24.110153105403395,True,True,5.379718184344222,13.669055573303881,46.89854146096053,15,1.0372628162079813,1,0.0051850512624669245
main_repair,20260617,multi_bobi3,multi_bobi3-green-raw_bandpass-lms-full-HF-v2.json,legacy,lms,raw_bandpass,HF,5.568245910124894,False,False,5.568245910124894,11.943426394169041,34.25183430612276,27,0.8352817207325448,0,1.0
main_repair,20260617,multi_bobi3,multi_bobi3-green-raw_bandpass-lms-full-HF-v2.json,penalty_only,lms,raw_bandpass,HF,5.568245910124894,False,True,5.568245910124894,11.943426394169041,34.25183430612276,27,0.8352817207325448,0,0.003930048693086891
main_repair,20260617,multi_bobi3,multi_bobi3-green-raw_bandpass-lms-full-HF-v2.json,reacquire_only,lms,raw_bandpass,HF,5.568245910124894,True,False,2.5179648139123305,2.4228520635661885,5.833734408237859,4,0.8352817207325448,1,1.0
main_repair,20260617,multi_bobi3,multi_bobi3-green-raw_bandpass-lms-full-HF-v2.json,combined,lms,raw_bandpass,HF,5.568245910124894,True,True,2.5179648139123305,2.4228520635661885,5.833734408237859,4,0.8352817207325448,1,0.003930048693086891
safety_control,20260617,multi_tiaosheng1,multi_tiaosheng1-green-raw_bandpass-lms-full-HF-v2.json,legacy,lms,raw_bandpass,HF,2.377933293553536,False,False,2.3663105754369864,3.565080846980337,10.73443391914203,8,0.9928386690481773,0,1.0
safety_control,20260617,multi_tiaosheng1,multi_tiaosheng1-green-raw_bandpass-lms-full-HF-v2.json,penalty_only,lms,raw_bandpass,HF,2.377933293553536,False,True,2.3663105754369864,3.565080846980337,10.73443391914203,8,0.9928386690481773,0,0.0007674946634723666
safety_control,20260617,multi_tiaosheng1,multi_tiaosheng1-green-raw_bandpass-lms-full-HF-v2.json,reacquire_only,lms,raw_bandpass,HF,2.377933293553536,True,False,2.3663105754369864,3.565080846980337,10.73443391914203,8,0.9928386690481773,0,1.0
safety_control,20260617,multi_tiaosheng1,multi_tiaosheng1-green-raw_bandpass-lms-full-HF-v2.json,combined,lms,raw_bandpass,HF,2.377933293553536,True,True,2.3663105754369864,3.565080846980337,10.73443391914203,8,0.9928386690481773,0,0.0007674946634723666
main_repair,20260619TS,multi_kaihe1_TS,multi_kaihe1_TS-green-raw_bandpass-lms-full-HF-v2.json,legacy,lms,raw_bandpass,HF,1.8136803314192365,False,False,1.842751916393769,4.337125517234491,13.024810538375137,9,0.7918882407894958,0,1.0
main_repair,20260619TS,multi_kaihe1_TS,multi_kaihe1_TS-green-raw_bandpass-lms-full-HF-v2.json,penalty_only,lms,raw_bandpass,HF,1.8136803314192365,False,True,1.8307376680718555,4.296958478068691,13.024810538375137,9,0.7918882407894958,0,0.01624298027222372
main_repair,20260619TS,multi_kaihe1_TS,multi_kaihe1_TS-green-raw_bandpass-lms-full-HF-v2.json,reacquire_only,lms,raw_bandpass,HF,1.8136803314192365,True,False,1.842751916393769,4.337125517234491,13.024810538375137,9,0.7918882407894958,0,1.0
main_repair,20260619TS,multi_kaihe1_TS,multi_kaihe1_TS-green-raw_bandpass-lms-full-HF-v2.json,combined,lms,raw_bandpass,HF,1.8136803314192365,True,True,1.8307376680718555,4.296958478068691,13.024810538375137,9,0.7918882407894958,0,0.01624298027222372
main_repair,20260619TS,multi_bobi1_TS,multi_bobi1_TS-green-raw_bandpass-lms-full-HF-v2.json,legacy,lms,raw_bandpass,HF,2.9714639301518435,False,False,2.9455037989436548,8.049154945850798,26.483225323623127,13,0.5318277453961977,0,1.0
main_repair,20260619TS,multi_bobi1_TS,multi_bobi1_TS-green-raw_bandpass-lms-full-HF-v2.json,penalty_only,lms,raw_bandpass,HF,2.9714639301518435,False,True,2.9455037989436548,8.049154945850798,26.483225323623127,13,0.5318277453961977,0,0.003357174881876864
main_repair,20260619TS,multi_bobi1_TS,multi_bobi1_TS-green-raw_bandpass-lms-full-HF-v2.json,reacquire_only,lms,raw_bandpass,HF,2.9714639301518435,True,False,2.9455037989436548,8.049154945850798,26.483225323623127,13,0.5318277453961977,0,1.0
main_repair,20260619TS,multi_bobi1_TS,multi_bobi1_TS-green-raw_bandpass-lms-full-HF-v2.json,combined,lms,raw_bandpass,HF,2.9714639301518435,True,True,2.9455037989436548,8.049154945850798,26.483225323623127,13,0.5318277453961977,0,0.003357174881876864
safety_control,20260617,multi_kaihe1_klms,multi_kaihe1-green-raw_bandpass-klms-full-HF-v2.json,legacy,klms,raw_bandpass,HF,1.7894344086838023,False,False,1.7306927271654944,2.284352878477086,7.465760519990305,1,0.8980505000008232,0,1.0
safety_control,20260617,multi_kaihe1_klms,multi_kaihe1-green-raw_bandpass-klms-full-HF-v2.json,penalty_only,klms,raw_bandpass,HF,1.7894344086838023,False,True,1.7306927271654944,2.284352878477086,7.465760519990305,1,0.8980505000008232,0,0.014194139282394038
safety_control,20260617,multi_kaihe1_klms,multi_kaihe1-green-raw_bandpass-klms-full-HF-v2.json,reacquire_only,klms,raw_bandpass,HF,1.7894344086838023,True,False,1.7306927271654944,2.284352878477086,7.465760519990305,1,0.8980505000008232,0,1.0
safety_control,20260617,multi_kaihe1_klms,multi_kaihe1-green-raw_bandpass-klms-full-HF-v2.json,combined,klms,raw_bandpass,HF,1.7894344086838023,True,True,1.7306927271654944,2.284352878477086,7.465760519990305,1,0.8980505000008232,0,0.014194139282394038
safety_control,20260619TS,multi_kaihe1_TS_klms,multi_kaihe1_TS-green-raw_bandpass-klms-full-HF-v2.json,legacy,klms,raw_bandpass,HF,0.6706525387619594,False,False,0.6975006383355667,0.7279272986738607,1.4296938034189963,0,0.48236351941994937,0,1.0
safety_control,20260619TS,multi_kaihe1_TS_klms,multi_kaihe1_TS-green-raw_bandpass-klms-full-HF-v2.json,penalty_only,klms,raw_bandpass,HF,0.6706525387619594,False,True,0.6975006383355667,0.7279272986738607,1.4296938034189963,0,0.48236351941994937,0,0.01624298027222372
safety_control,20260619TS,multi_kaihe1_TS_klms,multi_kaihe1_TS-green-raw_bandpass-klms-full-HF-v2.json,reacquire_only,klms,raw_bandpass,HF,0.6706525387619594,True,False,0.6975006383355667,0.7279272986738607,1.4296938034189963,0,0.48236351941994937,0,1.0
safety_control,20260619TS,multi_kaihe1_TS_klms,multi_kaihe1_TS-green-raw_bandpass-klms-full-HF-v2.json,combined,klms,raw_bandpass,HF,0.6706525387619594,True,True,0.6975006383355667,0.7279272986738607,1.4296938034189963,0,0.48236351941994937,0,0.01624298027222372
safety_control,20260619TS,multi_bobi1_TS_klms,multi_bobi1_TS-green-raw_bandpass-klms-full-HF-v2.json,legacy,klms,raw_bandpass,HF,2.6661889887133556,False,False,2.6210285122856845,6.808655708524299,13.16015625,10,0.730915006369186,0,1.0
safety_control,20260619TS,multi_bobi1_TS_klms,multi_bobi1_TS-green-raw_bandpass-klms-full-HF-v2.json,penalty_only,klms,raw_bandpass,HF,2.6661889887133556,False,True,2.6210285122856845,6.808655708524299,13.16015625,10,0.730915006369186,0,0.0045274111436738665
safety_control,20260619TS,multi_bobi1_TS_klms,multi_bobi1_TS-green-raw_bandpass-klms-full-HF-v2.json,reacquire_only,klms,raw_bandpass,HF,2.6661889887133556,True,False,2.6210285122856845,6.808655708524299,13.16015625,10,0.730915006369186,0,1.0
safety_control,20260619TS,multi_bobi1_TS_klms,multi_bobi1_TS-green-raw_bandpass-klms-full-HF-v2.json,combined,klms,raw_bandpass,HF,2.6661889887133556,True,True,2.6210285122856845,6.808655708524299,13.16015625,10,0.730915006369186,0,0.0045274111436738665
