freq_hz,bpm,raw_amp_norm,filtered_amp_norm,penalized_amp_norm,penalty_weight,is_penalty_band,nominal_penalty_band,actual_penalty_band,protection_band
0.50048828125,30.029296875,0.03999338448630762,0.04875029628631554,0.08563887174061677,1.0,0.0,0.0,0.0,0.0
0.506591796875,30.3955078125,0.04297836509978333,0.056813521182126944,0.09980341093875031,1.0,0.0,0.0,0.0,0.0
0.5126953125,30.76171875,0.04604663915184374,0.06516288421850094,0.11447060446693802,1.0,0.0,0.0,0.0,0.0
0.518798828125,31.1279296875,0.0491637139490982,0.07374316066472103,0.12954343991723538,1.0,0.0,0.0,0.0,0.0
0.52490234375,31.494140625,0.0522894047146661,0.08250128338951683,0.14492869510240042,1.0,0.0,0.0,0.0,0.0
0.531005859375,31.8603515625,0.055378270039706155,0.09138320958747065,0.16053143388390206,1.0,0.0,0.0,0.0,0.0
0.537109375,32.2265625,0.05838018122123582,0.1003322386310292,0.17625205116924755,1.0,0.0,0.0,0.0,0.0
0.543212890625,32.5927734375,0.0612410117595909,0.1092881773714418,0.1919848066093885,1.0,0.0,0.0,0.0,0.0
0.54931640625,32.958984375,0.06390343406959066,0.11818706286298307,0.20761733751276398,1.0,0.0,0.0,0.0,0.0
0.555419921875,33.3251953125,0.06630781103272763,0.12696129449224924,0.22303089095473794,1.0,0.0,0.0,0.0,0.0
0.5615234375,33.69140625,0.06839317039803261,0.13554009414580406,0.2381011321467993,1.0,0.0,0.0,0.0,0.0
0.567626953125,34.0576171875,0.07009825042180384,0.14385024508852232,0.2526994424124209,1.0,0.0,0.0,0.0,0.0
0.57373046875,34.423828125,0.07136260585853807,0.15181707584019427,0.2666946475474747,1.0,0.0,0.0,0.0,0.0
0.579833984375,34.7900390625,0.072127764976825,0.15936566306092737,0.2799551309099252,1.0,0.0,0.0,0.0,0.0
0.5859375,35.15625,0.07233843143938026,0.16642223146435933,0.2923512926251522,1.0,0.0,0.0,0.0,0.0
0.592041015625,35.5224609375,0.07194373092703177,0.17291573118563455,0.3037583205232394,1.0,0.0,0.0,0.0,0.0
0.59814453125,35.888671875,0.07089851359354829,0.17877957491913243,0.3140592417412507,1.0,0.0,0.0,0.0,0.0
0.604248046875,36.2548828125,0.06916474422521302,0.18395351902771287,0.32314822723798536,1.0,0.0,0.0,0.0,0.0
0.6103515625,36.62109375,0.06671305134590942,0.18838567486875216,0.3309341250585025,1.0,0.0,0.0,0.0,0.0
0.616455078125,36.9873046875,0.06352458384038612,0.19203463862975595,0.3373442017825383,1.0,0.0,0.0,0.0,0.0
0.62255859375,37.353515625,0.0595934832024913,0.19487172949476403,0.3423280742759062,1.0,0.0,0.0,0.0,0.0
0.628662109375,37.7197265625,0.054930628853155125,0.196883325912633,0.34586181377590847,1.0,0.0,0.0,0.0,0.0
0.634765625,38.0859375,0.04957013417613217,0.19807328622385958,0.34795219816805756,1.0,0.0,0.0,0.0,0.0
0.640869140625,38.4521484375,0.04358215559060769,0.19846542977757536,0.3486410705249216,1.0,0.0,0.0,0.0,0.0
0.64697265625,38.818359375,0.0371013472084998,0.1981060329597159,0.348009723839193,1.0,0.0,0.0,0.0,0.0
0.653076171875,39.1845703125,0.03039748637291856,0.1970662538713872,0.34618316041769126,1.0,0.0,0.0,0.0,0.0
0.6591796875,39.55078125,0.024064975832894086,0.19544432974121498,0.3433339520407604,1.0,0.0,0.0,0.0,0.0
0.665283203125,39.9169921875,0.019477619271061654,0.19336728102309655,0.3396852335237432,1.0,0.0,0.0,0.0,0.0
0.67138671875,40.283203125,0.01899981555659462,0.1909916968032382,0.3355120824290576,1.0,0.0,0.0,0.0,0.0
0.677490234375,40.6494140625,0.023605514769876695,0.188502972001706,0.3311401790702685,1.0,0.0,0.0,0.0,0.0
0.68359375,41.015625,0.03156994147485657,0.18611215435178427,0.3269402676507696,1.0,0.0,0.0,0.0,0.0
0.689697265625,41.3818359375,0.04125122678463047,0.184049432189858,0.3233167163676297,1.0,0.0,0.0,0.0,0.0
0.69580078125,41.748046875,0.051835090005428484,0.18255341953416052,0.3206886946794912,1.0,0.0,0.0,0.0,0.0
0.701904296875,42.1142578125,0.06291296033216942,0.18185597888316946,0.31946351175739923,1.0,0.0,0.0,0.0,0.0
0.7080078125,42.48046875,0.07423671457708364,0.18216347952564346,0.3200036932555039,1.0,0.0,0.0,0.0,0.0
0.714111328125,42.8466796875,0.08562489297821284,0.18363692789137068,0.3225920766135832,1.0,0.0,0.0,0.0,0.0
0.72021484375,43.212890625,0.09692670347413519,0.1863746913840028,0.3274014622883833,1.0,0.0,0.0,0.0,0.0
0.726318359375,43.5791015625,0.10800742663413458,0.19040170733258252,0.334475657290038,1.0,0.0,0.0,0.0,0.0
0.732421875,43.9453125,0.11874236710574516,0.19566766110948466,0.34372627471077205,1.0,0.0,0.0,0.0,0.0
0.738525390625,44.3115234375,0.12901451747957762,0.20205411132337167,0.35494525043827807,1.0,0.0,0.0,0.0,0.0
0.74462890625,44.677734375,0.13871395063172626,0.20938816299035906,0.36782886259848757,1.0,0.0,0.0,0.0,0.0
0.750732421875,45.0439453125,0.14773805254118394,0.21745913109483483,0.3820070041683847,1.0,0.0,0.0,0.0,0.0
0.7568359375,45.41015625,0.155992163934459,0.226034922713539,0.39707196119336624,1.0,0.0,0.0,0.0,0.0
0.762939453125,45.7763671875,0.16339040360421214,0.23487602939698204,0.4126029929815981,1.0,0.0,0.0,0.0,0.0
0.76904296875,46.142578125,0.16985654429082533,0.24374630261901975,0.42818526116525935,1.0,0.0,0.0,0.0,0.0
0.775146484375,46.5087890625,0.17532486218633875,0.2524206086209606,0.44342327684369126,1.0,0.0,0.0,0.0,0.0
0.78125,46.875,0.17974090858827238,0.260689920360957,0.4579498455300752,1.0,0.0,0.0,0.0,0.0
0.787353515625,47.2412109375,0.18306216843872405,0.26836451562752184,0.471431685226688,1.0,0.0,0.0,0.0,0.0
0.79345703125,47.607421875,0.18525858089325273,0.2752758724178708,0.4835727560059539,1.0,0.0,0.0,0.0,0.0
0.799560546875,47.9736328125,0.186312904389798,0.2812777082176936,0.4941160856967222,1.0,0.0,0.0,0.0,0.0
0.8056640625,48.33984375,0.18622091432452864,0.2862464669034813,0.5028446252178594,1.0,0.0,0.0,0.0,0.0
0.811767578125,48.7060546875,0.1849914261208525,0.2900814427889975,0.5095814664887147,1.0,0.0,0.0,0.0,0.0
0.81787109375,49.072265625,0.1826461405873773,0.29270465043878335,0.5141896137325721,1.0,0.0,0.0,0.0,0.0
0.823974609375,49.4384765625,0.1792193122037927,0.2940604963604241,0.5165714067436645,1.0,0.0,0.0,0.0,0.0
0.830078125,49.8046875,0.17475724445393725,0.294115277248547,0.5166676394603693,1.0,0.0,0.0,0.0,0.0
0.836181640625,50.1708984375,0.16931761959277264,0.29285651241487753,0.5144563872556831,1.0,0.0,0.0,0.0,0.0
0.84228515625,50.537109375,0.162968673313109,0.2902921102717147,0.5099515427119725,1.0,0.0,0.0,0.0,0.0
0.848388671875,50.9033203125,0.1557882276868803,0.28644936663273196,0.5032010559518892,1.0,0.0,0.0,0.0,0.0
0.8544921875,51.26953125,0.14786259852359623,0.2813737937463891,0.4942848776199498,1.0,0.0,0.0,0.0,0.0
0.860595703125,51.6357421875,0.1392853959762076,0.2751277818265098,0.48331260761454564,1.0,0.0,0.0,0.0,0.0
0.86669921875,52.001953125,0.13015623995785472,0.2677890984030489,0.47042085892125257,1.0,0.0,0.0,0.0,0.0
0.872802734375,52.3681640625,0.12057941496314567,0.25944923445855633,0.45577035229700713,1.0,0.0,0.0,0.0,0.0
0.87890625,52.734375,0.11066249271214434,0.25021160964280054,0.43954276339912157,1.0,0.0,0.0,0.0,0.0
0.885009765625,53.1005859375,0.10051495665263867,0.24018965160748493,0.42193734878306394,1.0,0.0,0.0,0.0,0.0
0.89111328125,53.466796875,0.09024687183537781,0.22950476649827825,0.40316738069802005,1.0,0.0,0.0,0.0,0.0
0.897216796875,53.8330078125,0.07996766150205416,0.21828421876500695,0.38345642258310864,1.0,0.0,0.0,0.0,0.0
0.9033203125,54.19921875,0.06978508818288857,0.20665893864070523,0.36303447750062756,1.0,0.0,0.0,0.0,0.0
0.909423828125,54.5654296875,0.05980461745100374,0.1947612749085471,0.34213404045739076,1.0,0.0,0.0,0.0,0.0
0.91552734375,54.931640625,0.050129534030604155,0.18272270905607446,0.32098608289574054,1.0,0.0,0.0,0.0,0.0
0.921630859375,55.2978515625,0.040862680443999905,0.17067154494735087,0.29981599417728894,1.0,0.0,0.0,0.0,0.0
0.927734375,55.6640625,0.0321121514905222,0.1587305863991146,0.278839501817806,1.0,0.0,0.0,0.0,0.0
0.933837890625,56.0302734375,0.02400819325501037,0.14701481471080874,0.25825859164108544,1.0,0.0,0.0,0.0,0.0
0.93994140625,56.396484375,0.016758016597170407,0.13562908116140693,0.2382574542247419,1.0,0.0,0.0,0.0,0.0
0.946044921875,56.7626953125,0.010852295424023462,0.12466583847521713,0.21899849980219388,1.0,0.0,0.0,0.0,0.0
0.9521484375,57.12890625,0.007727738007807415,0.11420295370581422,0.20061851619058108,1.0,0.0,0.0,0.0,0.0
0.958251953125,57.4951171875,0.008928437623965042,0.10430167630059216,0.18322509932201328,1.0,0.0,0.0,0.0,0.0
0.96435546875,57.861328125,0.01234967264927538,0.09500488092802012,0.16689356644610037,1.0,0.0,0.0,0.0,0.0
0.970458984375,58.2275390625,0.015983973786862775,0.08633576184723185,0.1516646625497325,1.0,0.0,0.0,0.0,0.0
0.9765625,58.59375,0.019218266723115017,0.07829721259622868,0.13754347066519143,1.0,0.0,0.0,0.0,0.0
0.982666015625,58.9599609375,0.02187588502757689,0.070872159346846,0.12449999746952951,1.0,0.0,0.0,0.0,0.0
0.98876953125,59.326171875,0.02390739831769541,0.0640250987440089,0.11247187478238195,1.0,0.0,0.0,0.0,0.0
0.994873046875,59.6923828125,0.025312535285705352,0.05770499649141718,0.10136945146543454,1.0,0.0,0.0,0.0,0.0
1.0009765625,60.05859375,0.026116145655973675,0.05184953122632605,0.09108324856989362,1.0,0.0,0.0,0.0,0.0
1.007080078125,60.4248046875,0.026359104968210697,0.04639046202657546,0.0814933883508938,1.0,0.0,0.0,0.0,0.0
1.01318359375,60.791015625,0.02609423150551719,0.04125974447449973,0.07248033825989604,1.0,0.0,0.0,0.0,0.0
1.019287109375,61.1572265625,0.025384243754319122,0.03639603315990234,0.06393633378845835,1.0,0.0,0.0,0.0,0.0
1.025390625,61.5234375,0.024300790255131367,0.0317515127838678,0.055777378559881526,1.0,0.0,0.0,0.0,0.0
1.031494140625,61.8896484375,0.02292427050967138,0.027299774146154157,0.047957079951256996,1.0,0.0,0.0,0.0,0.0
1.03759765625,62.255859375,0.02134442377855216,0.023047107113738943,0.0404864872720739,1.0,0.0,0.0,0.0,0.0
1.043701171875,62.6220703125,0.019661679317452267,0.019053154417887422,0.03347037396171991,1.0,0.0,0.0,0.0,0.0
1.0498046875,62.98828125,0.01798891206209435,0.015473958172101274,0.027182856724344305,1.0,0.0,0.0,0.0,0.0
1.055908203125,63.3544921875,0.01645211750067977,0.012644397447976364,0.022212212309950453,1.0,0.0,0.0,0.0,0.0
1.06201171875,63.720703125,0.015186137045737793,0.011142858208943862,0.019574482160583058,1.0,0.0,0.0,0.0,0.0
1.068115234375,64.0869140625,0.01431899381015946,0.011496338220226117,0.020195434886106704,1.0,0.0,0.0,0.0,0.0
1.07421875,64.453125,0.013941531466275778,0.013550793317369235,0.023804463547753698,1.0,0.0,0.0,0.0,0.0
1.080322265625,64.8193359375,0.014074906282336198,0.016676133568352864,0.029294699162483798,1.0,0.0,0.0,0.0,0.0
1.08642578125,65.185546875,0.014663343046637582,0.02037247493625143,0.035788003376592915,1.0,0.0,0.0,0.0,0.0
1.092529296875,65.5517578125,0.015602571690228237,0.024372514189297843,0.04281480884536773,1.0,0.0,0.0,0.0,0.0
1.0986328125,65.91796875,0.016780875273452237,0.028547468982371024,0.05014888566711682,1.0,0.0,0.0,0.0,0.0
1.104736328125,66.2841796875,0.01810693743181709,0.03283922639464193,0.05768814779616525,1.0,0.0,0.0,0.0,0.0
1.11083984375,66.650390625,0.019519611107902006,0.03722719966271985,0.06539643079200959,1.0,0.0,0.0,0.0,0.0
1.116943359375,67.0166015625,0.020986851634124705,0.041712259913870876,0.07327526495009201,1.0,0.0,0.0,0.0,0.0
1.123046875,67.3828125,0.022500547467968247,0.04630797914838214,0.08134849198790745,1.0,0.0,0.0,0.0,0.0
1.129150390625,67.7490234375,0.024070415810011066,0.051034970361516274,0.08965232242707238,1.0,0.0,0.0,0.0,0.0
1.13525390625,68.115234375,0.025717935034231233,0.05591661480447997,0.09822782974048361,1.0,0.0,0.0,0.0,0.0
1.141357421875,68.4814453125,0.02747053905854241,0.060975544306162914,0.1071147709027481,1.0,0.0,0.0,0.0,0.0
1.1474609375,68.84765625,0.029356250154336114,0.06623071080317115,0.11634643848010404,1.0,0.0,0.0,0.0,0.0
1.153564453125,69.2138671875,0.03139906029050885,0.07169505868362745,0.12594557167371845,1.0,0.0,0.0,0.0,0.0
1.15966796875,69.580078125,0.03361542769755536,0.07737385928247316,0.1359214305540182,1.0,0.0,0.0,0.0,0.0
1.165771484375,69.9462890625,0.03601215008894142,0.08326374110528828,0.14626809247026673,1.0,0.0,0.0,0.0,0.0
1.171875,70.3125,0.03858565073407511,0.08935239648364254,0.1569639367366751,1.0,0.0,0.0,0.0,0.0
1.177978515625,70.6787109375,0.04132247639944766,0.09561889255722317,0.16797219092976995,1.0,0.0,0.0,0.0,0.0
1.18408203125,71.044921875,0.04420065393325404,0.10203447683172914,0.17924234599916103,1.0,0.0,0.0,0.0,0.0
1.190185546875,71.4111328125,0.04719151950688742,0.10856375003306719,0.190712216601892,1.0,0.0,0.0,0.0,0.0
1.1962890625,71.77734375,0.050261694908297586,0.11516607941588564,0.20231042383911058,1.0,0.0,0.0,0.0,0.0
1.202392578125,72.1435546875,0.05337498690081871,0.12179713841946646,0.21395909994513715,1.0,0.0,0.0,0.0,0.0
1.20849609375,72.509765625,0.05649408463887044,0.1284104774239125,0.22557664760992854,1.0,0.0,0.0,0.0,0.0
1.214599609375,72.8759765625,0.059582004182355965,0.13495905045539633,0.23708042191795728,1.0,0.0,0.0,0.0,0.0
1.220703125,73.2421875,0.06260327448354881,0.14139664100972535,0.24838923506983843,1.0,0.0,0.0,0.0,0.0
1.226806640625,73.6083984375,0.06552488168203549,0.14767914538875346,0.25942561079903537,1.0,0.0,0.0,0.0,0.0
1.23291015625,73.974609375,0.06831699636591167,0.1537656839324324,0.27011773645556714,1.0,0.0,0.0,0.0,0.0
1.239013671875,74.3408203125,0.07095350856654838,0.1596195197881958,0.2804010769936034,1.0,0.0,0.0,0.0,0.0
1.2451171875,74.70703125,0.07341239226560334,0.16520877214547472,0.29021962789921724,1.0,0.0,0.0,0.0,0.0
1.251220703125,75.0732421875,0.07567591770224036,0.17050691693469888,0.2995267947603743,1.0,0.0,0.0,0.0,0.0
1.25732421875,75.439453125,0.07773072699561404,0.1754930734820906,0.3082858968288592,1.0,0.0,0.0,0.0,0.0
1.263427734375,75.8056640625,0.0795677869605005,0.18015208098774443,0.3164703013681042,1.0,0.0,0.0,0.0,0.0
1.26953125,76.171875,0.08118223249893024,0.18447437423935234,0.3240632053214631,1.0,0.0,0.0,0.0,0.0
1.275634765625,76.5380859375,0.08257311441831475,0.18845567379917932,0.3310570910685884,1.0,0.0,0.0,0.0,0.0
1.28173828125,76.904296875,0.08374306670411324,0.1920965119562116,0.3374528936730939,1.0,0.0,0.0,0.0,0.0
1.287841796875,77.2705078125,0.08469790988316127,0.19540162181456502,0.34325892770385785,1.0,0.0,0.0,0.0,0.0
1.2939453125,77.63671875,0.08544620885996587,0.19837922264986155,0.3484896318319124,1.0,0.0,0.0,0.0,0.0
1.300048828125,78.0029296875,0.08599880518868457,0.20104023964828785,0.3531641981584313,1.0,0.0,0.0,0.0,0.0
1.30615234375,78.369140625,0.0863683448450906,0.20339749981331706,0.35730515967683074,1.0,0.0,0.0,0.0,0.0
1.312255859375,78.7353515625,0.08656882287346541,0.2054649476304867,0.36093701244353293,1.0,0.0,0.0,0.0,0.0
1.318359375,79.1015625,0.08661516551315224,0.20725692352922076,0.3640849480633015,1.0,0.0,0.0,0.0,0.0
1.324462890625,79.4677734375,0.08652286832256595,0.2087875449273662,0.366773766380002,1.0,0.0,0.0,0.0,0.0
1.33056640625,79.833984375,0.08630770527131432,0.21007022357258165,0.36902702759788036,1.0,0.0,0.0,0.0,0.0
1.336669921875,80.2001953125,0.08598551875042412,0.21111734417608438,0.3708664877425667,1.0,0.0,0.0,0.0,0.0
1.3427734375,80.56640625,0.0855720941020595,0.21194011844542168,0.3723118422427615,1.0,0.0,0.0,0.0,0.0
1.348876953125,80.9326171875,0.08508311490998303,0.21254861631422628,0.37338078079105136,1.0,0.0,0.0,0.0,0.0
1.35498046875,81.298828125,0.0845341873992598,0.2129519633804196,0.37408933418046697,1.0,0.0,0.0,0.0,0.0
1.361083984375,81.6650390625,0.08394091448281063,0.213158681316754,0.3744524722982797,1.0,0.0,0.0,0.0,0.0
1.3671875,82.03125,0.08331899297540957,0.21317713727209825,0.3744848935821073,1.0,0.0,0.0,0.0,0.0
1.373291015625,82.3974609375,0.08268430204237863,0.2130160598363335,0.37420193140725716,1.0,0.0,0.0,0.0,0.0
1.37939453125,82.763671875,0.08205294785229264,0.2126850735567308,0.3736204930631633,1.0,0.0,0.0,0.0,0.0
1.385498046875,83.1298828125,0.08144122943762273,0.2121952015722417,0.372759942723067,1.0,0.0,0.0,0.0,0.0
1.3916015625,83.49609375,0.08086549464098959,0.21155928674885346,0.3716428412458112,1.0,0.0,0.0,0.0,0.0
1.397705078125,83.8623046875,0.08034186326829865,0.21079228566325597,0.3702954626122821,1.0,0.0,0.0,0.0,0.0
1.40380859375,84.228515625,0.07988580735664373,0.2099113967101649,0.3687480189695104,1.0,0.0,0.0,0.0,0.0
1.409912109375,84.5947265625,0.07951159535238762,0.20893599328057405,0.3670345432459683,1.0,0.0,0.0,0.0,0.0
1.416015625,84.9609375,0.07923162664940077,0.2078873451328728,0.365192399688633,1.0,0.0,0.0,0.0,0.0
1.422119140625,85.3271484375,0.07905570296739137,0.20678812545667521,0.3632614179298396,1.0,0.0,0.0,0.0,0.0
1.42822265625,85.693359375,0.07899030012705258,0.2056617172627243,0.3612826745334345,1.0,0.0,0.0,0.0,0.0
1.434326171875,86.0595703125,0.07903791418625916,0.20453134990320387,0.35929697613371164,1.0,0.0,0.0,0.0,0.0
1.4404296875,86.42578125,0.07919655649829918,0.20341911363156345,0.3573431283282981,1.0,0.0,0.0,0.0,0.0
1.446533203125,86.7919921875,0.07945946158741385,0.20234491560955803,0.3554561017122903,1.0,0.0,0.0,0.0,0.0
1.45263671875,87.158203125,0.0798150508519645,0.20132545275888644,0.3536652275030294,1.0,0.0,0.0,0.0,0.0
1.458740234375,87.5244140625,0.08024716758081608,0.20037328330925722,0.3519925665433253,1.0,0.0,0.0,0.0,0.0
1.46484375,87.890625,0.08073556983640508,0.19949607806148162,0.350451594007215,1.0,0.0,0.0,0.0,0.0
1.470947265625,88.2568359375,0.08125664278627868,0.19869612326464378,0.3490463261121783,1.0,0.0,0.0,0.0,0.0
1.47705078125,88.623046875,0.08178427502952568,0.19797012977756875,0.3477709848761171,1.0,0.0,0.0,0.0,0.0
1.483154296875,88.9892578125,0.08229083602870123,0.19730937939870846,0.34661025517274363,1.0,0.0,0.0,0.0,0.0
1.4892578125,89.35546875,0.08274819323829515,0.19670021168868243,0.34554013992501154,1.0,0.0,0.0,0.0,0.0
1.495361328125,89.7216796875,0.08312871558593656,0.19612482679448243,0.3445293704136534,1.0,0.0,0.0,0.0,0.0
1.50146484375,90.087890625,0.08340622163687722,0.19556235524140658,0.3435412855636926,1.0,0.0,0.0,0.0,0.0
1.507568359375,90.4541015625,0.08355684331798695,0.19499012718874636,0.34253606162576333,1.0,0.0,0.0,0.0,0.0
1.513671875,90.8203125,0.08355978751037496,0.1943850627998793,0.34147315461718486,1.0,0.0,0.0,0.0,0.0
1.519775390625,91.1865234375,0.0833979870370595,0.1937251022912544,0.3403138124663174,1.0,0.0,0.0,0.0,0.0
1.52587890625,91.552734375,0.08305863920939557,0.1929905978058179,0.3390235200945178,1.0,0.0,0.0,0.0,0.0
1.531982421875,91.9189453125,0.08253363426619048,0.192165597624995,0.33757425537094504,1.0,0.0,0.0,0.0,0.0
1.5380859375,92.28515625,0.08181987807265581,0.19123896424448145,0.335946453218558,1.0,0.0,0.0,0.0,0.0
1.544189453125,92.6513671875,0.08091951369202934,0.190205279541946,0.3341305957078515,1.0,0.0,0.0,0.0,0.0
1.55029296875,93.017578125,0.07984004515100608,0.18906550121393076,0.3321283652091411,1.0,0.0,0.0,0.0,0.0
1.556396484375,93.3837890625,0.0785943639954153,0.18782734406275442,0.3299533141932135,1.0,0.0,0.0,0.0,0.0
1.5625,93.75,0.07720067504894707,0.18650536744985854,0.3276310188592329,1.0,0.0,0.0,0.0,0.0
1.568603515625,94.1162109375,0.0756823120660322,0.18512075677956058,0.32519869527071715,1.0,0.0,0.0,0.0,0.0
1.57470703125,94.482421875,0.07406742673095534,0.183700793201545,0.3227042677903213,1.0,0.0,0.0,0.0,0.0
1.580810546875,94.8486328125,0.07238852607452127,0.18227801311410555,0.3202048925925231,1.0,0.0,0.0,0.0,0.0
1.5869140625,95.21484375,0.07068182496398581,0.18088906891524598,0.31776495636316326,1.0,0.0,0.0,0.0,0.0
1.593017578125,95.5810546875,0.06898637417827853,0.17957331598713205,0.3154535940774592,1.0,0.0,0.0,0.0,0.0
1.59912109375,95.947265625,0.06734292462300961,0.1783711686946143,0.3133418010087029,1.0,0.0,0.0,0.0,0.0
1.605224609375,96.3134765625,0.06579249996808911,0.17732228970879046,0.3114992519417014,1.0,0.0,0.0,0.0,0.0
1.611328125,96.6796875,0.06437467942972379,0.17646370017766094,0.309990981339562,1.0,0.0,0.0,0.0,0.0
1.617431640625,97.0458984375,0.06312564339103592,0.1758279194278501,0.30887411538723153,1.0,0.0,0.0,0.0,0.0
1.62353515625,97.412109375,0.0620761043092701,0.1754412569829667,0.3081948716072594,1.0,0.0,0.0,0.0,0.0
1.629638671875,97.7783203125,0.061249320207573406,0.17532238151181123,0.3079860449538253,1.0,0.0,0.0,0.0,0.0
1.6357421875,98.14453125,0.06065944275491588,0.17548127708380928,0.30826517428322625,1.0,0.0,0.0,0.0,0.0
1.641845703125,98.5107421875,0.06031045684708784,0.17591866611582568,0.3090335286537025,1.0,0.0,0.0,0.0,0.0
1.64794921875,98.876953125,0.06019590460331601,0.17662593401823426,0.31027597495238535,1.0,0.0,0.0,0.0,0.0
1.654052734375,99.2431640625,0.06029946043961275,0.1775855398825796,0.3119616993437935,1.0,0.0,0.0,0.0,0.0
1.66015625,99.609375,0.06059627117493197,0.17877184964813905,0.3140456708803091,1.0,0.0,0.0,0.0,0.0
1.666259765625,99.9755859375,0.06105484620424038,0.1801522914705592,0.31647067111992416,1.0,0.0,0.0,0.0,0.0
1.67236328125,100.341796875,0.06163921731381203,0.181688712954189,0.31916967835473836,1.0,0.0,0.0,0.0,0.0
1.678466796875,100.7080078125,0.062311096616651594,0.1833388177929718,0.32206839133521226,1.0,0.0,0.0,0.0,0.0
1.6845703125,101.07421875,0.06303182634134295,0.18505757259416097,0.3250877006150602,1.0,0.0,0.0,0.0,0.0
1.690673828125,101.4404296875,0.06376400359228189,0.18679849815053096,0.32814595690864873,1.0,0.0,0.0,0.0,0.0
1.69677734375,101.806640625,0.06447274736678535,0.18851478740352798,0.33116093499911975,1.0,0.0,0.0,0.0,0.0
1.702880859375,102.1728515625,0.06512663720991067,0.1901602198184669,0.334051440006786,1.0,0.0,0.0,0.0,0.0
1.708984375,102.5390625,0.06569838902262207,0.19168986549564862,0.33673854428995575,1.0,0.0,0.0,0.0,0.0
1.715087890625,102.9052734375,0.06616534810653653,0.19306059043366597,0.339146475032963,1.0,0.0,0.0,0.0,0.0
1.72119140625,103.271484375,0.06650987990012035,0.1942313867368511,0.3412031943163493,1.0,0.0,0.0,0.0,0.0
1.727294921875,103.6376953125,0.0667197318355537,0.19516355894280585,0.3428407264354789,1.0,0.0,0.0,0.0,0.0
1.7333984375,104.00390625,0.06678843000934871,0.19582080122057777,0.34399529351334956,1.0,0.0,0.0,0.0,0.0
1.739501953125,104.3701171875,0.06671576423704567,0.19616920124711887,0.344607322310306,1.0,0.0,0.0,0.0,0.0
1.74560546875,104.736328125,0.06650840474641996,0.19617720630938854,0.3446213846761419,1.0,0.0,0.0,0.0,0.0
1.751708984375,105.1025390625,0.06618068151014582,0.19581558663122695,0.34398613312700094,1.0,0.0,0.0,0.0,0.0
1.7578125,105.46875,0.06575553928890357,0.1950574309502618,0.3426542930753986,1.0,0.0,0.0,0.0,0.0
1.763916015625,105.8349609375,0.06526565189484994,0.19387821071894698,0.34058277561116823,1.0,0.0,0.0,0.0,0.0
1.77001953125,106.201171875,0.06475462989744252,0.19225595269020881,0.3377329806799261,1.0,0.0,0.0,0.0,0.0
1.776123046875,106.5673828125,0.06427817819356653,0.19017156585175737,0.3340713714033876,1.0,0.0,0.0,0.0,0.0
1.7822265625,106.93359375,0.06390494885342334,0.1876093786528865,0.3295704178171599,1.0,0.0,0.0,0.0,0.0
1.788330078125,107.2998046875,0.06371670032686383,0.18455795749187245,0.3242100346945646,1.0,0.0,0.0,0.0,0.0
1.79443359375,107.666015625,0.06380725743253744,0.18101129921313705,0.3179796763874772,1.0,0.0,0.0,0.0,0.0
1.800537109375,108.0322265625,0.06427975378389629,0.1769705211485912,0.3108813056951318,1.0,0.0,0.0,0.0,0.0
1.806640625,108.3984375,0.06524184843639234,0.17244621471532948,0.3029335283918355,1.0,0.0,0.0,0.0,0.0
1.812744140625,108.7646484375,0.06679912137148103,0.1674616852311075,0.2941772845593968,1.0,0.0,0.0,0.0,0.0
1.81884765625,109.130859375,0.06904758146684688,0.1620573716032667,0.28468361258451197,1.0,0.0,0.0,0.0,0.0
1.824951171875,109.4970703125,0.07206683615152631,0.15629681720466304,0.27456413810174163,1.0,0.0,0.0,0.0,0.0
1.8310546875,109.86328125,0.07591554059410753,0.15027461886065394,0.26398503785278743,1.0,0.0,0.0,0.0,0.0
1.837158203125,110.2294921875,0.08063008207282968,0.14412673635080953,0.2531851502245201,1.0,0.0,0.0,0.0,0.0
1.84326171875,110.595703125,0.0862263683909712,0.1380432196168825,0.24249833293321854,1.0,0.0,0.0,0.0,0.0
1.849365234375,110.9619140625,0.09270367602945068,0.13228244719797425,0.23237847545763943,1.0,0.0,0.0,0.0,0.0
1.85546875,111.328125,0.10004918982051313,0.12718381016844515,0.2234217807114299,1.0,0.0,0.0,0.0,0.0
1.861572265625,111.6943359375,0.10824210912972669,0.12317197991296831,0.2163742621758277,1.0,0.0,0.0,0.0,0.0
1.86767578125,112.060546875,0.11725669829362285,0.12074137888312875,0.21210446392425336,1.0,0.0,0.0,0.0,0.0
1.873779296875,112.4267578125,0.1270641235965689,0.12040874614370309,0.2115201332703205,1.0,0.0,0.0,0.0,0.0
1.8798828125,112.79296875,0.13763320930289638,0.12263278185275107,0.21542706150138388,1.0,0.0,0.0,0.0,0.0
1.885986328125,113.1591796875,0.14893036487470868,0.1277245028644106,0.22437160698877026,1.0,0.0,0.0,0.0,0.0
1.89208984375,113.525390625,0.1609189456125192,0.13579091368378365,0.23854174284825885,1.0,0.0,0.0,0.0,0.0
1.898193359375,113.8916015625,0.17355826922833445,0.1467404885784997,0.2577766872784547,1.0,0.0,0.0,0.0,0.0
1.904296875,114.2578125,0.186802459097386,0.16033891691494048,0.28166483050816715,1.0,0.0,0.0,0.0,0.0
1.910400390625,114.6240234375,0.2005992387184,0.17627829609974724,0.30966528493855167,1.0,0.0,0.0,0.0,0.0
1.91650390625,114.990234375,0.21488876644138338,0.1942306233025897,0.3412018532034992,1.0,0.0,0.0,0.0,0.0
1.922607421875,115.3564453125,0.22960257424593786,0.21387736137804483,0.37571496615534167,1.0,0.0,0.0,0.0,0.0
1.9287109375,115.72265625,0.24466265686857075,0.23492027248558572,0.4126807141131392,1.0,0.0,0.0,0.0,0.0
1.934814453125,116.0888671875,0.2599807454156202,0.2570816627468111,0.45161127664815254,1.0,0.0,0.0,0.0,0.0
1.94091796875,116.455078125,0.27545779082968014,0.2801001646692677,0.4920475136347111,1.0,0.0,0.0,0.0,0.0
1.947021484375,116.8212890625,0.290983675880416,0.3037255018933243,0.5335497685641388,1.0,0.0,0.0,0.0,0.0
1.953125,117.1875,0.3064371688948662,0.32771380813271456,0.5756896454019016,1.0,0.0,0.0,0.0,0.0
1.959228515625,117.5537109375,0.3216861277402045,0.3518240522829507,0.6180437286322967,1.0,0.0,0.0,0.0,0.0
1.96533203125,117.919921875,0.33658795835652316,0.37581565006221607,0.660189387665916,1.0,0.0,0.0,0.0,0.0
1.971435546875,118.2861328125,0.3509903282764785,0.3994471589469002,0.701702484253614,1.0,0.0,0.0,0.0,1.0
1.9775390625,118.65234375,0.3647321320123337,0.4224759023042623,0.742156712206323,1.0,0.0,0.0,0.0,1.0
1.983642578125,119.0185546875,0.37764470194121463,0.4446583715809145,0.7811243039131787,1.0,0.0,0.0,0.0,1.0
1.98974609375,119.384765625,0.38955325541835323,0.46575127608588,0.8181778744787566,1.0,0.0,0.0,0.0,1.0
1.995849609375,119.7509765625,0.4002785663769662,0.48551313347208735,0.8528932156966689,1.0,0.0,0.0,0.0,1.0
2.001953125,120.1171875,0.40963884776144377,0.5037063153701811,0.8848528895820132,1.0,0.0,0.0,0.0,1.0
2.008056640625,120.4833984375,0.4174518299842934,0.5200994808297781,0.9136505031590043,1.0,0.0,0.0,0.0,1.0
2.01416015625,120.849609375,0.4235370204944504,0.5344703459970428,0.9388955739096111,1.0,0.0,0.0,0.0,1.0
2.020263671875,121.2158203125,0.42771813095129335,0.546608753140185,0.9602189210819387,1.0,0.0,0.0,0.0,1.0
2.0263671875,121.58203125,0.42982566212777007,0.5563200173221675,0.9772785447370568,1.0,0.0,0.0,0.0,1.0
2.032470703125,121.9482421875,0.4296996436580136,0.5634285465324209,0.9897659851769257,1.0,0.0,0.0,0.0,1.0
2.03857421875,122.314453125,0.4271925379729514,0.5677817531017774,0.9974131940649295,1.0,0.0,0.0,0.0,1.0
2.044677734375,122.6806640625,0.4221723383941585,0.5692543035126685,1.0,1.0,0.0,0.0,0.0,1.0
2.05078125,123.046875,0.414525925876052,0.5677527940097683,0.9973623220876244,1.0,0.0,0.0,0.0,1.0
2.056884765625,123.4130859375,0.404162807137042,0.5632209958679053,0.9894013842187337,1.0,0.0,0.0,0.0,1.0
2.06298828125,123.779296875,0.39101945708344227,0.5556458939220578,0.9760943228595059,1.0,0.0,0.0,0.0,1.0
2.069091796875,124.1455078125,0.37506466526709153,0.5450648546353387,0.9575067790826258,1.0,0.0,0.0,0.0,1.0
2.0751953125,124.51171875,0.35630660853391566,0.5315744176236054,0.9338083424990311,1.0,0.0,0.0,0.0,1.0
2.081298828125,124.8779296875,0.33480298194371694,0.5153414195220986,0.9052920923778839,1.0,0.0,0.0,0.0,1.0
2.08740234375,125.244140625,0.3106767216441773,0.49661743597778985,0.8723999676653088,1.0,0.0,1.0,0.0,1.0
2.093505859375,125.6103515625,0.28414232412672497,0.4757578397469132,0.8357562460418457,1.0,0.0,1.0,0.0,1.0
2.099609375,125.9765625,0.2555530618322385,0.45324700190723444,0.796211814492058,1.0,0.0,1.0,0.0,1.0
2.105712890625,126.3427734375,0.22549110189273627,0.42973095762722113,0.7549015527427765,1.0,0.0,1.0,0.0,1.0
2.11181640625,126.708984375,0.19494824549736314,0.406057346592076,0.7133144959755924,1.0,0.0,1.0,0.0,1.0
2.117919921875,127.0751953125,0.16569389289887157,0.38331779060897214,0.6733682788933745,1.0,0.0,1.0,0.0,1.0
2.1240234375,127.44140625,0.14095336508175263,0.3628771430157292,0.6374605176922542,1.0,0.0,1.0,0.0,1.0
2.130126953125,127.8076171875,0.12609027396068725,0.34635524438092097,0.608436760589572,1.0,0.0,1.0,0.0,1.0
2.13623046875,128.173828125,0.12712584067026,0.335507325704699,0.5042195316226791,0.8555078125,1.0,1.0,1.0,0.0
2.142333984375,128.5400390625,0.14562628880153616,0.3319596511084114,0.48927789700023866,0.8390283203125,1.0,1.0,1.0,0.0
2.1484375,128.90625,0.17750295137902916,0.3368404737100597,0.4867204959287822,0.822548828125,1.0,1.0,1.0,0.0
2.154541015625,129.2724609375,0.21778595184808325,0.3504762115483124,0.4962775430266938,0.8060693359375,1.0,1.0,1.0,0.0
2.16064453125,129.638671875,0.26311070771881084,0.3723449373206748,0.5164647488230932,0.78958984375,1.0,1.0,1.0,0.0
2.166748046875,130.0048828125,0.3114695421949221,0.4013053229841287,0.5450170467253356,0.7731103515625,1.0,1.0,1.0,0.0
2.1728515625,130.37109375,0.36160820371144703,0.43593153972704046,0.579423385114553,0.756630859375,1.0,1.0,1.0,0.0
2.178955078125,130.7373046875,0.41266047043524867,0.4747810025573099,0.6173160325517406,0.7401513671875,1.0,1.0,1.0,0.0
2.18505859375,131.103515625,0.4639643117739643,0.5165375159505129,0.6566549789244259,0.723671875,1.0,1.0,1.0,0.0
2.191162109375,131.4697265625,0.5149713658114292,0.5600576223532051,0.6957672204149654,0.7071923828125,1.0,1.0,1.0,0.0
2.197265625,131.8359375,0.5652016560076442,0.6043660953664023,0.7333162879057306,0.690712890625,1.0,1.0,1.0,0.0
2.203369140625,132.2021484375,0.6142206324617546,0.648632911121318,0.7682506206894273,0.6742333984375,1.0,1.0,1.0,0.0
2.20947265625,132.568359375,0.6616276497811644,0.6921478873374677,0.799753245236156,0.65775390625,1.0,1.0,1.0,0.0
2.215576171875,132.9345703125,0.7070505319529748,0.7342991083103765,0.8272001239563287,0.6412744140625,1.0,1.0,1.0,0.0
2.2216796875,133.30078125,0.7501434759537645,0.7745564669962527,0.8501278678061499,0.624794921875,1.0,1.0,1.0,0.0
2.227783203125,133.6669921875,0.7905868135615524,0.8124598207400798,0.8682092377828322,0.6083154296875,1.0,1.0,1.0,0.0
2.23388671875,134.033203125,0.8280877947538612,0.847610762239436,0.881234462365206,0.5918359375,1.0,1.0,1.0,0.0
2.239990234375,134.3994140625,0.862381897114657,0.8796670269023599,0.8890966489564599,0.5753564453125,1.0,1.0,1.0,0.0
2.24609375,134.765625,0.8932343539548226,0.9083387310456537,0.891779964208784,0.558876953125,1.0,1.0,1.0,0.0
2.252197265625,135.1318359375,0.9204417022656217,0.9333858240301628,0.8893496244209769,0.5423974609375,1.0,1.0,1.0,0.0
2.25830078125,135.498046875,0.9438332168817574,0.9546162977244773,0.8819430281632109,0.52591796875,1.0,1.0,1.0,0.0
2.264404296875,135.8642578125,0.9632721384628279,0.9718848211799481,0.8697615804411954,0.5094384765625,1.0,1.0,1.0,0.0
2.2705078125,136.23046875,0.9786566303966713,0.9850915615438809,0.8530629152885224,0.49295898437499996,1.0,1.0,1.0,0.0
2.276611328125,136.5966796875,0.9899204191702914,0.9941810210470277,0.8321533366157431,0.47647949218749996,1.0,1.0,1.0,0.0
2.28271484375,136.962890625,0.9970330873587351,0.9991407707853847,0.8073803776716616,0.45999999999999996,1.0,1.0,1.0,0.0
2.288818359375,137.3291015625,1.0,1.0,0.8370239614304403,0.47647949218749996,1.0,1.0,1.0,0.0
2.294921875,137.6953125,0.9988618548318581,0.9968278283261695,0.8632262080693601,0.49295898437499996,1.0,1.0,1.0,0.0
2.301025390625,138.0615234375,0.9936938552926411,0.9897313506448917,0.8857328409594681,0.5094384765625,1.0,1.0,1.0,0.0
2.30712890625,138.427734375,0.9846045126955132,0.9788534015386885,0.9043350036435844,0.52591796875,1.0,1.0,1.0,0.0
2.313232421875,138.7939453125,0.9717340907782974,0.9643700401772324,0.9188720365724649,0.5423974609375,1.0,1.0,1.0,0.0
2.3193359375,139.16015625,0.9552527120167714,0.946487767585296,0.9292335542376472,0.558876953125,1.0,1.0,1.0,0.0
2.325439453125,139.5263671875,0.9353581507197665,0.9254404972516006,0.9353607896528862,0.5753564453125,1.0,1.0,1.0,0.0
2.33154296875,139.892578125,0.9122733430187479,0.9014863073085714,0.9372471855498374,0.5918359375,1.0,1.0,1.0,0.0
2.337646484375,140.2587890625,0.8862436484263201,0.8749040083061145,0.9349382243821821,0.6083154296875,1.0,1.0,1.0,0.0
2.34375,140.625,0.857533901666855,0.845989565083798,0.9285305020304229,0.624794921875,1.0,1.0,1.0,0.0
2.349853515625,140.9912109375,0.8264252969824196,0.8150524145185779,0.9181700627037862,0.6412744140625,1.0,1.0,1.0,0.0
2.35595703125,141.357421875,0.793212150105159,0.7824117230471419,0.9040500246628312,0.65775390625,1.0,1.0,1.0,0.0
2.362060546875,141.7236328125,0.7581985855999032,0.748392628855705,0.886407537730151,0.6742333984375,1.0,1.0,1.0,0.0
2.3681640625,142.08984375,0.7216951993829447,0.7133225134892559,0.8655201237825857,0.690712890625,1.0,1.0,1.0,0.0
2.374267578125,142.4560546875,0.6840157480177865,0.677527346324023,0.8417014601574333,0.7071923828125,1.0,1.0,1.0,0.0
2.38037109375,142.822265625,0.6454739180307041,0.6413281428138295,0.8152966727462311,0.723671875,1.0,1.0,1.0,0.0
2.386474609375,143.1884765625,0.6063802302010911,0.605037573584108,0.7866772100355658,0.7401513671875,1.0,1.0,1.0,0.0
2.392578125,143.5546875,0.5670391358779596,0.5689567562158765,0.7562353709869681,0.756630859375,1.0,1.0,1.0,0.0
2.398681640625,143.9208984375,0.5277463652887959,0.5333722548573118,0.7243785579167656,0.7731103515625,1.0,1.0,1.0,0.0
2.40478515625,144.287109375,0.4887865921273822,0.49855330460708536,0.6915233199936524,0.78958984375,1.0,1.0,1.0,0.0
2.410888671875,144.6533203125,0.4504314852012743,0.464749268075751,0.6580892433901869,0.8060693359375,1.0,1.0,1.0,0.0
2.4169921875,145.01953125,0.41293822753127696,0.43218732112100233,0.6244927307969875,0.822548828125,1.0,1.0,1.0,0.0
2.423095703125,145.3857421875,0.3765485970316939,0.40107035453043766,0.5911406972460826,0.8390283203125,1.0,1.0,1.0,0.0
2.42919921875,145.751953125,0.34148872142852593,0.3715750704009371,0.5584241940670104,0.8555078125,1.0,1.0,1.0,0.0
2.435302734375,146.1181640625,0.30796964259143383,0.3438502494923959,0.5267119640920309,0.8719873046875,1.0,1.0,1.0,0.0
2.44140625,146.484375,0.2761888468510702,0.3180151738567424,0.4963439382551075,0.888466796875,1.0,1.0,1.0,0.0
2.447509765625,146.8505859375,0.24633292202842047,0.2941582137448316,0.46762471936185357,0.9049462890625,1.0,1.0,1.0,0.0
2.45361328125,147.216796875,0.2185814469174445,0.2723356349873639,0.44081717728263453,0.92142578125,1.0,1.0,1.0,0.0
2.459716796875,147.5830078125,0.19311200739078052,0.2525707545477157,0.4161364106422064,0.9379052734375,1.0,1.0,1.0,0.0
2.4658203125,147.94921875,0.1701056620230114,0.23485365984217563,0.39374450701831215,0.954384765625,1.0,1.0,1.0,0.0
2.471923828125,148.3154296875,0.14975089178994946,0.21914178807731197,0.3737467211482378,0.9708642578125,1.0,1.0,1.0,0.0
2.47802734375,148.681640625,0.13224164365701302,0.20536169450343245,0.3561898158805242,0.98734375,1.0,1.0,1.0,0.0
2.484130859375,149.0478515625,0.11776170719528284,0.1934122752315791,0.3397642741356541,1.0,0.0,0.0,0.0,0.0
2.490234375,149.4140625,0.10644605023449415,0.1831695206596589,0.3217709897481391,1.0,0.0,0.0,0.0,0.0
2.496337890625,149.7802734375,0.09831711121399224,0.17449257729504566,0.30652834105655985,1.0,0.0,0.0,0.0,0.0
2.50244140625,150.146484375,0.09321684011581788,0.16723056944234188,0.2937712871214513,1.0,0.0,0.0,0.0,0.0
2.508544921875,150.5126953125,0.09077980519212794,0.16122939848430026,0.28322912534768774,1.0,0.0,0.0,0.0,0.0
2.5146484375,150.87890625,0.09048129292587548,0.15633769910516015,0.2746359546874834,1.0,0.0,0.0,0.0,0.0
2.520751953125,151.2451171875,0.0917404502548331,0.1524113156878825,0.2677385392563671,1.0,0.0,0.0,0.0,0.0
2.52685546875,151.611328125,0.09402046524604123,0.14931600293362352,0.26230105246854857,1.0,0.0,0.0,0.0,0.0
2.532958984375,151.9775390625,0.09688536238316076,0.14692843145456666,0.2581068435458861,1.0,0.0,0.0,0.0,0.0
2.5390625,152.34375,0.10001219423505092,0.1451358758139305,0.2549578895027196,1.0,0.0,0.0,0.0,0.0
2.545166015625,152.7099609375,0.10317721342902528,0.14383511393405413,0.2526728617535224,1.0,0.0,0.0,0.0,0.0
2.55126953125,153.076171875,0.1062332939032058,0.1429310686688253,0.2510847397847462,1.0,0.0,0.0,0.0,0.0
2.557373046875,153.4423828125,0.10908805145203315,0.14233561397707153,0.25003871397856536,1.0,0.0,0.0,0.0,0.0
2.5634765625,153.80859375,0.11168610641124718,0.14196680578763354,0.24939083448575836,1.0,0.0,0.0,0.0,0.0
2.569580078125,154.1748046875,0.11399593459487443,0.14174863261701456,0.24900757313969088,1.0,0.0,0.0,0.0,0.0
2.57568359375,154.541015625,0.11600066040280678,0.14161124790856006,0.24876623160286496,1.0,0.0,0.0,0.0,0.0
2.581787109375,154.9072265625,0.11769192002152738,0.14149156033696397,0.24855597834547621,1.0,0.0,0.0,0.0,0.0
2.587890625,155.2734375,0.11906600253922846,0.14133401968001308,0.24827922917383405,1.0,0.0,0.0,0.0,0.0
2.593994140625,155.6396484375,0.12012162739865355,0.14109143440522046,0.24785308347182403,1.0,0.0,0.0,0.0,0.0
2.60009765625,156.005859375,0.12085885874008243,0.1407256794181533,0.24721056749116263,1.0,0.0,0.0,0.0,0.0
2.606201171875,156.3720703125,0.12127877314530876,0.14020818596164283,0.2463014949495636,1.0,0.0,0.0,0.0,0.0
2.6123046875,156.73828125,0.12138358899132778,0.13952014120666298,0.24509281764886653,1.0,0.0,0.0,0.0,0.0
2.618408203125,157.1044921875,0.12117703878127534,0.13865235723150263,0.24356839531282878,1.0,0.0,0.0,0.0,0.0
2.62451171875,157.470703125,0.12066482517654667,0.1376047957058455,0.24172816060719193,1.0,0.0,0.0,0.0,0.0
2.630615234375,157.8369140625,0.11985505002748308,0.1363857557905926,0.23958669253618986,1.0,0.0,0.0,0.0,0.0
2.63671875,158.203125,0.11875854525858447,0.13501074987243813,0.23717124146332175,1.0,0.0,0.0,0.0,0.0
2.642822265625,158.5693359375,0.11738906612146285,0.1335011065138207,0.2345192749357049,1.0,0.0,0.0,0.0,0.0
2.64892578125,158.935546875,0.1157633319548384,0.13188235393753353,0.2316756379771463,1.0,0.0,0.0,0.0,0.0
2.655029296875,159.3017578125,0.11390091801017006,0.13018245133868475,0.22868944606193498,1.0,0.0,0.0,0.0,0.0
2.6611328125,159.66796875,0.1118240149413266,0.1284299491944747,0.22561085336022685,1.0,0.0,0.0,0.0,0.0
2.667236328125,160.0341796875,0.10955708102142807,0.12665217223265926,0.22248786078758329,1.0,0.0,0.0,0.0,0.0
2.67333984375,160.400390625,0.10712641677559953,0.12487352743052775,0.2193633436936305,1.0,0.0,0.0,0.0,0.0
2.679443359375,160.7666015625,0.10455969313900138,0.12311404125919208,0.21627248226231854,1.0,0.0,0.0,0.0,0.0
2.685546875,161.1328125,0.10188546298887632,0.12138822237056661,0.2132407636121897,1.0,0.0,0.0,0.0,0.0
2.691650390625,161.4990234375,0.09913268238887224,0.1197043262194843,0.2102826899697217,1.0,0.0,0.0,0.0,0.0
2.69775390625,161.865234375,0.09633026250281242,0.11806406708808488,0.20740127278714096,1.0,0.0,0.0,0.0,0.0
2.703857421875,162.2314453125,0.09350666626619704,0.1164627837390569,0.20458832374284386,1.0,0.0,0.0,0.0,0.0
2.7099609375,162.59765625,0.09068955599651311,0.11489002299921058,0.20182547991339653,1.0,0.0,0.0,0.0,0.0
2.716064453125,162.9638671875,0.08790548975569855,0.11333046769716103,0.19908583386693524,1.0,0.0,0.0,0.0,0.0
2.72216796875,163.330078125,0.08517965620488756,0.11176510771534591,0.19633599083165937,1.0,0.0,0.0,0.0,0.0
2.728271484375,163.6962890625,0.08253563086674791,0.11017253942267496,0.19353835138854272,1.0,0.0,0.0,0.0,0.0
2.734375,164.0625,0.07999513226133864,0.1085302802768077,0.19065342081228978,1.0,0.0,0.0,0.0,0.0
2.740478515625,164.4287109375,0.0775777555085977,0.10681599979097682,0.1876419714912172,1.0,0.0,0.0,0.0,0.0
2.74658203125,164.794921875,0.07530066476953112,0.1050085912081515,0.18446692552024702,1.0,0.0,0.0,0.0,0.0
2.752685546875,165.1611328125,0.07317823496147192,0.10308903529725144,0.18109487211800632,1.0,0.0,0.0,0.0,0.0
2.7587890625,165.52734375,0.07122164731044774,0.10104103436597153,0.17749718138709322,1.0,0.0,0.0,0.0,0.0
2.764892578125,165.8935546875,0.06943846101835248,0.09885141776964232,0.17365071666505624,1.0,0.0,0.0,0.0,0.0
2.77099609375,166.259765625,0.06783220168204639,0.09651033818695799,0.16953817931885026,1.0,0.0,0.0,0.0,0.0
2.777099609375,166.6259765625,0.06640202193874103,0.0940112902446139,0.1651481414624417,1.0,0.0,0.0,0.0,0.0
2.783203125,166.9921875,0.06514249660422469,0.09135099005445982,0.1604748343416377,1.0,0.0,0.0,0.0,0.0
2.789306640625,167.3583984375,0.06404360986017964,0.08852915668166189,0.15551776444267448,1.0,0.0,0.0,0.0,0.0
2.79541015625,167.724609375,0.06309097495532144,0.08554823544946014,0.15028122742607655,1.0,0.0,0.0,0.0,0.0
2.801513671875,168.0908203125,0.06226629998031477,0.08241309924149025,0.14477378340918629,1.0,0.0,0.0,0.0,0.0
2.8076171875,168.45703125,0.06154808217216513,0.07913075842385367,0.13900774739086827,1.0,0.0,0.0,0.0,0.0
2.813720703125,168.8232421875,0.06091248484747839,0.07571010340916313,0.1329987370178542,1.0,0.0,0.0,0.0,0.0
2.81982421875,169.189453125,0.06033433141163828,0.07216169688264575,0.12676530759163568,1.0,0.0,0.0,0.0,0.0
2.825927734375,169.5556640625,0.05978814304886674,0.06849762593448715,0.12032869231170032,1.0,0.0,0.0,0.0,0.0
2.83203125,169.921875,0.059249150334450405,0.06473141843657007,0.11371265537587544,1.0,0.0,0.0,0.0,0.0
2.838134765625,170.2880859375,0.058694221108966965,0.060878023675914744,0.10694345795940029,1.0,0.0,0.0,0.0,0.0
2.84423828125,170.654296875,0.05810266332113512,0.05695385536416584,0.10004993376900903,1.0,0.0,0.0,0.0,0.0
2.850341796875,171.0205078125,0.05745687827881246,0.052976896815364424,0.09306367380705353,1.0,0.0,0.0,0.0,0.0
2.8564453125,171.38671875,0.05674285413601681,0.048966875004492844,0.0860193321373865,1.0,0.0,0.0,0.0,0.0
2.862548828125,171.7529296875,0.055950500188376405,0.04494552513726247,0.07895509065090843,1.0,0.0,0.0,0.0,0.0
2.86865234375,172.119140625,0.05507382950126681,0.040936995086525346,0.07191336953259295,1.0,0.0,0.0,0.0,0.0
2.874755859375,172.4853515625,0.05411100110412321,0.03696848827910026,0.06494195661057053,1.0,0.0,0.0,0.0,0.0
2.880859375,172.8515625,0.053064234281626224,0.0330713300951496,0.058095880682988314,1.0,0.0,0.0,0.0,0.0
2.886962890625,173.2177734375,0.05193960720949803,0.02928279383967231,0.05144061917315068,1.0,0.0,0.0,0.0,0.0
2.89306640625,173.583984375,0.050746751024374495,0.025649278079346048,0.045057679706720456,1.0,0.0,0.0,0.0,0.0
2.899169921875,173.9501953125,0.049498448948343064,0.022231812645052005,0.039054272418965114,1.0,0.0,0.0,0.0,0.0
2.9052734375,174.31640625,0.04821014878785708,0.01911521816407364,0.03357940035959384,1.0,0.0,0.0,0.0,0.0
2.911376953125,174.6826171875,0.04689939646387433,0.016421441232770152,0.02884728517894235,1.0,0.0,0.0,0.0,0.0
2.91748046875,175.048828125,0.045585198729029365,0.014321473001665414,0.025158304317231567,1.0,0.0,0.0,0.0,0.0
2.923583984375,175.4150390625,0.044287325473489375,0.013021379273861763,0.022874450300175868,1.0,0.0,0.0,0.0,0.0
2.9296875,175.78125,0.0430255665691293,0.012681667142535635,0.02227768339085277,1.0,0.0,0.0,0.0,0.0
2.935791015625,176.1474609375,0.04181896535009551,0.013298323013698772,0.023360952972405286,1.0,0.0,0.0,0.0,0.0
2.94189453125,176.513671875,0.0406850602550866,0.014691845594326182,0.025808931972350426,1.0,0.0,0.0,0.0,0.0
2.947998046875,176.8798828125,0.039639176511545755,0.01662893979159133,0.029211794603887894,1.0,0.0,0.0,0.0,0.0
2.9541015625,177.24609375,0.03869381840658258,0.01892409902484246,0.03324366440107434,1.0,0.0,0.0,0.0,0.0
2.960205078125,177.6123046875,0.03785821603248721,0.02146126080300283,0.0377006562279335,1.0,0.0,0.0,0.0,0.0
2.96630859375,177.978515625,0.03713807476182482,0.024177891405935164,0.042472918090810885,1.0,0.0,0.0,0.0,0.0
2.972412109375,178.3447265625,0.03653555904397484,0.02704523849167468,0.047509941206922826,1.0,0.0,0.0,0.0,0.0
2.978515625,178.7109375,0.03604951557133082,0.030053702466351896,0.052794862122079796,1.0,0.0,0.0,0.0,0.0
2.984619140625,179.0771484375,0.03567590936501561,0.0332031187365121,0.058327391697572256,1.0,0.0,0.0,0.0,0.0
2.99072265625,179.443359375,0.03540841739226065,0.03649637998135162,0.06411261145703295,1.0,0.0,0.0,0.0,0.0
2.996826171875,179.8095703125,0.035239105367786475,0.039935240428415876,0.07015360302414848,1.0,0.0,0.0,0.0,0.0
3.0029296875,180.17578125,0.035159108846120814,0.043517619591754333,0.07644671164227021,1.0,0.0,0.0,0.0,0.0
3.009033203125,180.5419921875,0.03515924950190443,0.047236005473462024,0.08297874110390598,1.0,0.0,0.0,0.0,0.0
3.01513671875,180.908203125,0.03523053754520802,0.05107669510801109,0.08972561962700104,1.0,0.0,0.0,0.0,0.0
3.021240234375,181.2744140625,0.03536453548787551,0.055019673521221106,0.09665218722408248,1.0,0.0,0.0,0.0,0.0
3.02734375,181.640625,0.035553581257738026,0.05903896551453443,0.10371281367611224,1.0,0.0,0.0,0.0,0.0
3.033447265625,182.0068359375,0.03579088609633468,0.06310331985060923,0.11085260043045929,1.0,0.0,0.0,0.0,0.0
3.03955078125,182.373046875,0.036070533180514765,0.06717710978658321,0.11800896255339109,1.0,0.0,0.0,0.0,0.0
3.045654296875,182.7392578125,0.03638740673292775,0.07122135798036261,0.12511342916668458,1.0,0.0,0.0,0.0,0.0
3.0517578125,183.10546875,0.036737079891404206,0.075194815919513,0.13209353966322646,1.0,0.0,0.0,0.0,0.0
3.057861328125,183.4716796875,0.037115684580917296,0.07905504668521125,0.1388747457812621,1.0,0.0,0.0,0.0,0.0
3.06396484375,183.837890625,0.03751977983381552,0.0827594744497705,0.14538225524004095,1.0,0.0,0.0,0.0,0.0
3.070068359375,184.2041015625,0.0379462279255294,0.08626637481551992,0.15154277145240785,1.0,0.0,0.0,0.0,0.0
3.076171875,184.5703125,0.03839208146173552,0.08953578761121722,0.1572860970197736,1.0,0.0,0.0,0.0,0.0
3.082275390625,184.9365234375,0.038854479914059464,0.09253033890044815,0.16254657774122377,1.0,0.0,0.0,0.0,0.0
3.08837890625,185.302734375,0.03933055143284025,0.09521596250260199,0.1672643700979645,1.0,0.0,0.0,0.0,0.0
3.094482421875,185.6689453125,0.03981731511330278,0.09756251390932577,0.17138651971061397,1.0,0.0,0.0,0.0,0.0
3.1005859375,186.03515625,0.0403115800207602,0.09954427155479165,0.17486784191272495,1.0,0.0,0.0,0.0,0.0
3.106689453125,186.4013671875,0.0408098397415608,0.10114032227000198,0.1776715988722449,1.0,0.0,0.0,0.0,0.0
3.11279296875,186.767578125,0.0413081644337819,0.10233482960183479,0.17976997094332445,1.0,0.0,0.0,0.0,0.0
3.118896484375,187.1337890625,0.041802095669609726,0.10311718560065207,0.18114432330919966,1.0,0.0,0.0,0.0,0.0
3.125,187.5,0.04228655219083444,0.10348204870986856,0.18178527254219629,1.0,0.0,0.0,0.0,0.0
3.131103515625,187.8662109375,0.04275575655576652,0.10342927252143493,0.18169256144961787,1.0,0.0,0.0,0.0,0.0
3.13720703125,188.232421875,0.04320319323181955,0.10296373236254512,0.1808747544413667,1.0,0.0,0.0,0.0,0.0
3.143310546875,188.5986328125,0.043621607884813424,0.10209505890567985,0.17934876956693538,1.0,0.0,0.0,0.0,0.0
3.1494140625,188.96484375,0.04400305554637385,0.10083729019163461,0.17713926722978304,1.0,0.0,0.0,0.0,0.0
3.155517578125,189.3310546875,0.044339002294403254,0.09920845556272441,0.17427791928939995,1.0,0.0,0.0,0.0,0.0
3.16162109375,189.697265625,0.04462048146353108,0.09723010695604616,0.17080258569162024,1.0,0.0,0.0,0.0,0.0
3.167724609375,190.0634765625,0.04483830165651247,0.09492681473683066,0.16675642880707378,1.0,0.0,0.0,0.0,0.0
3.173828125,190.4296875,0.044983300361572914,0.09232564669048131,0.16218699818476937,1.0,0.0,0.0,0.0,0.0
3.179931640625,190.7958984375,0.0450466341088021,0.08945564987078257,0.1571453203230668,1.0,0.0,0.0,0.0,0.0
3.18603515625,191.162109375,0.045020094009521616,0.08634735565739321,0.15168502921203056,1.0,0.0,0.0,0.0,0.0
3.192138671875,191.5283203125,0.04489643427492138,0.0830323285538137,0.14586157371398048,1.0,0.0,0.0,0.0,0.0
3.1982421875,191.89453125,0.04466970085064736,0.07954277891757029,0.13973153725275284,1.0,0.0,0.0,0.0,0.0
3.204345703125,192.2607421875,0.0443355474964786,0.07591125893419687,0.13335210373601947,1.0,0.0,0.0,0.0,0.0
3.21044921875,192.626953125,0.0438915272989842,0.07217045971331652,0.12678070111719483,1.0,0.0,0.0,0.0,0.0
3.216552734375,192.9931640625,0.04333734852260452,0.06835312537099919,0.12007485046527722,1.0,0.0,0.0,0.0,0.0
3.22265625,193.359375,0.042675084671768455,0.06449209725741602,0.11329224365886728,1.0,0.0,0.0,0.0,0.0
3.228759765625,193.7255859375,0.04190932945525061,0.06062049775523177,0.10649106626188676,1.0,0.0,0.0,0.0,0.0
3.23486328125,194.091796875,0.04104728783623056,0.05677205746519994,0.09973057228532048,1.0,0.0,0.0,0.0,0.0
3.240966796875,194.4580078125,0.040098794373827344,0.05298158024548511,0.09307190111441299,1.0,0.0,0.0,0.0,0.0
3.2470703125,194.82421875,0.03907624953312328,0.04928552375992354,0.08657909734858371,1.0,0.0,0.0,0.0,0.0
3.253173828125,195.1904296875,0.037994463598203645,0.04572264216842168,0.08032023980544953,1.0,0.0,0.0,0.0,0.0
3.25927734375,195.556640625,0.0368703965188938,0.042334581496826264,0.07436848739762603,1.0,0.0,0.0,0.0,0.0
3.265380859375,195.9228515625,0.0357227810665023,0.0391662228494166,0.0688026820486654,1.0,0.0,0.0,0.0,0.0
3.271484375,196.2890625,0.03457161720263703,0.036265423902336266,0.06370689457867085,1.0,0.0,0.0,0.0,0.0
3.277587890625,196.6552734375,0.03343752935873362,0.033681632647555526,0.05916798949031742,1.0,0.0,0.0,0.0,0.0
3.28369140625,197.021484375,0.03234098771355185,0.03146273252281648,0.05527008285869953,1.0,0.0,0.0,0.0,0.0
3.289794921875,197.3876953125,0.03130141185882,0.029649645618886167,0.05208506187116833,1.0,0.0,0.0,0.0,0.0
3.2958984375,197.75390625,0.030336201483786945,0.02826896725697632,0.049659646106385937,1.0,0.0,0.0,0.0,0.0
3.302001953125,198.1201171875,0.029459771683822817,0.02732527561500667,0.04800187797684091,1.0,0.0,0.0,0.0,0.0
3.30810546875,198.486328125,0.02868270296601726,0.02679603848837205,0.047072175516325664,1.0,0.0,0.0,0.0,0.0
3.314208984375,198.8525390625,0.028011135700849357,0.02663186398655246,0.046783772774692395,1.0,0.0,0.0,0.0,0.0
3.3203125,199.21875,0.027446531899977186,0.026762625587031817,0.04701347960285772,1.0,0.0,0.0,0.0,0.0
3.326416015625,199.5849609375,0.02698588568679867,0.027107179723179456,0.04761875238520037,1.0,0.0,0.0,0.0,0.0
3.33251953125,199.951171875,0.026622392359917802,0.027583207536683526,0.0484549828898565,1.0,0.0,0.0,0.0,0.0
3.338623046875,200.3173828125,0.02634650341314931,0.02811468659004593,0.049388623707471456,1.0,0.0,0.0,0.0,0.0
3.3447265625,200.68359375,0.026147226906001644,0.02863630019279909,0.050304934044581716,1.0,0.0,0.0,0.0,0.0
3.350830078125,201.0498046875,0.02601349899893754,0.029095357842064153,0.05111135333106297,1.0,0.0,0.0,0.0,0.0
3.35693359375,201.416015625,0.0259354580773625,0.029452195120214145,0.05173820371400794,1.0,0.0,0.0,0.0,0.0
3.363037109375,201.7822265625,0.02590548756795914,0.0296798800601488,0.05213817423426522,1.0,0.0,0.0,0.0,0.0
3.369140625,202.1484375,0.02591894022623889,0.029763757495402034,0.05228552039350486,1.0,0.0,0.0,0.0,0.0
3.375244140625,202.5146484375,0.02597450066559828,0.02970110637627661,0.052175462166911185,1.0,0.0,0.0,0.0,0.0
3.38134765625,202.880859375,0.02607417720899445,0.02950100861718474,0.05182395360938753,1.0,0.0,0.0,0.0,0.0
3.387451171875,203.2470703125,0.026222939495789584,0.02918440616730129,0.051267783110667,1.0,0.0,0.0,0.0,0.0
3.3935546875,203.61328125,0.02642803979611556,0.02878421395373695,0.05056477180079214,1.0,0.0,0.0,0.0,0.0
3.399658203125,203.9794921875,0.026698078943597055,0.028345223253280056,0.049793603804787485,1.0,0.0,0.0,0.0,0.0
3.40576171875,204.345703125,0.027041903975856648,0.027923356289477563,0.04905251680518238,1.0,0.0,0.0,0.0,0.0
3.411865234375,204.7119140625,0.027467450278967014,0.027583651329040417,0.048455762492846145,1.0,0.0,0.0,0.0,0.0
3.41796875,205.078125,0.027980657684490776,0.027396295048595205,0.04812663668863334,1.0,0.0,0.0,0.0,0.0
3.424072265625,205.4443359375,0.028584587695876462,0.027430308387253178,0.048186387380807445,1.0,0.0,0.0,0.0,0.0
3.43017578125,205.810546875,0.029278842202852737,0.027745338163252517,0.048739795188276626,1.0,0.0,0.0,0.0,0.0
3.436279296875,206.1767578125,0.03005933577885853,0.028383244379862102,0.049860394914397775,1.0,0.0,0.0,0.0,0.0
3.4423828125,206.54296875,0.030918415903549552,0.02936202125069978,0.05157979670863629,1.0,0.0,0.0,0.0,0.0
3.448486328125,206.9091796875,0.03184527405136805,0.03067411850022783,0.053884737121790066,1.0,0.0,0.0,0.0,0.0
3.45458984375,207.275390625,0.032826558123111374,0.03228943996157667,0.05672234669519382,1.0,0.0,0.0,0.0,0.0
3.460693359375,207.6416015625,0.03384708765572052,0.034161421577344,0.06001082708825539,1.0,0.0,0.0,0.0,0.0
3.466796875,208.0078125,0.03489058391591559,0.036233887055337345,0.06365149430008829,1.0,0.0,0.0,0.0,0.0
3.472900390625,208.3740234375,0.035940349067559475,0.03844694023087432,0.06753912968884336,1.0,0.0,0.0,0.0,0.0
3.47900390625,208.740234375,0.036979853580967954,0.040741180670693634,0.07156938545619088,1.0,0.0,0.0,0.0,0.0
3.485107421875,209.1064453125,0.0379932129816673,0.04306031092637918,0.0756433647680292,1.0,0.0,0.0,0.0,0.0
3.4912109375,209.47265625,0.038965551217467156,0.04535254291608127,0.0796700923229331,1.0,0.0,0.0,0.0,0.0
3.497314453125,209.8388671875,0.039883258157014885,0.047571238823877655,0.08356764020988905,1.0,0.0,0.0,0.0,0.0
3.50341796875,210.205078125,0.04073415415175707,0.049675120336808196,0.08726349547167314,1.0,0.0,0.0,0.0,0.0
3.509521484375,210.5712890625,0.04150757670160774,0.05162826144605538,0.09069454745879918,1.0,0.0,0.0,0.0,0.0
3.515625,210.9375,0.042194404394509166,0.053399987712085664,0.09380691087019122,1.0,0.0,0.0,0.0,0.0
3.521728515625,211.3037109375,0.04278703239923878,0.05496474487681846,0.09655569494626623,1.0,0.0,0.0,0.0,0.0
3.52783203125,211.669921875,0.04327931246621606,0.056301964940906606,0.09890476820901828,1.0,0.0,0.0,0.0,0.0
3.533935546875,212.0361328125,0.04366646893651585,0.05739593955939048,0.10082653605817345,1.0,0.0,0.0,0.0,0.0
3.5400390625,212.40234375,0.043945000796646386,0.05823570205478933,0.10230173350546014,1.0,0.0,0.0,0.0,0.0
3.546142578125,212.7685546875,0.044112578369325875,0.05881491606530618,0.10331922956467783,1.0,0.0,0.0,0.0,0.0
3.55224609375,213.134765625,0.04416794178184121,0.05913176818476838,0.10387583865398471,1.0,0.0,0.0,0.0,0.0
3.558349609375,213.5009765625,0.044110806882631935,0.059188862401686894,0.10397613515866848,1.0,0.0,0.0,0.0,0.0
3.564453125,213.8671875,0.043941782777040375,0.058993114860291546,0.10363226855952735,1.0,0.0,0.0,0.0,0.0
3.570556640625,214.2333984375,0.04366230363978911,0.05855564794390416,0.10286377737081269,1.0,0.0,0.0,0.0,0.0
3.57666015625,214.599609375,0.04327457597080896,0.05789168256317509,0.10169739992468364,1.0,0.0,0.0,0.0,0.0
3.582763671875,214.9658203125,0.04278154104449596,0.05702042648032433,0.10016687819217404,1.0,0.0,0.0,0.0,0.0
3.5888671875,215.33203125,0.04218685102048215,0.05596495411559428,0.09831274664109556,1.0,0.0,0.0,0.0,0.0
3.594970703125,215.6982421875,0.04149485609650226,0.054752069058634424,0.09618209071196938,1.0,0.0,0.0,0.0,0.0
3.60107421875,216.064453125,0.04071059924282396,0.053412133847400074,0.09382824779331934,1.0,0.0,0.0,0.0,0.0
3.607177734375,216.4306640625,0.03983981450054084,0.05197884190602139,0.09131040658854611,1.0,0.0,0.0,0.0,0.0
3.61328125,216.796875,0.03888892457196237,0.050488893613499126,0.0886930380709463,1.0,0.0,0.0,0.0,0.0
3.619384765625,217.1630859375,0.03786503347945913,0.04898152304038109,0.0860450641095435,1.0,0.0,0.0,0.0,0.0
3.62548828125,217.529296875,0.036775910399121856,0.04749780669549242,0.0834386431554406,1.0,0.0,0.0,0.0,0.0
3.631591796875,217.8955078125,0.035629961350245216,0.0460796767948164,0.08094743686692378,1.0,0.0,0.0,0.0,0.0
3.6376953125,218.26171875,0.03443618619054796,0.044768569560077284,0.07864423559703661,1.0,0.0,0.0,0.0,0.0
3.643798828125,218.6279296875,0.03320411927082193,0.04360367761025773,0.07659788839749605,1.0,0.0,0.0,0.0,0.0
3.64990234375,218.994140625,0.0319437530771595,0.04261985614580972,0.0748696248457281,1.0,0.0,0.0,0.0,0.0
3.656005859375,219.3603515625,0.03066544516855313,0.041845353473636604,0.07350906829412376,1.0,0.0,0.0,0.0,0.0
3.662109375,219.7265625,0.029379809638562678,0.04129966929949209,0.07255047356628896,1.0,0.0,0.0,0.0,0.0
3.668212890625,220.0927734375,0.028097595131824766,0.040991931995461056,0.07200987632858327,1.0,0.0,0.0,0.0,0.0
3.67431640625,220.458984375,0.02682955207551808,0.040920164312364116,0.07188380317875535,1.0,0.0,0.0,0.0,0.0
3.680419921875,220.8251953125,0.02558629219808535,0.041071647793779434,0.07214991180627132,1.0,0.0,0.0,0.0,0.0
3.6865234375,221.19140625,0.02437814357334272,0.04142434287786954,0.07276948566265458,1.0,0.0,0.0,0.0,0.0
3.692626953125,221.5576171875,0.02321500434309237,0.041949076504845556,0.07369127689679733,1.0,0.0,0.0,0.0,0.0
3.69873046875,221.923828125,0.022106197969782974,0.0426120718974483,0.07485595038018011,1.0,0.0,0.0,0.0,0.0
3.704833984375,222.2900390625,0.021060332442928514,0.043377403278909286,0.07620039587095356,1.0,0.0,0.0,0.0,0.0
3.7109375,222.65625,0.020085165469852784,0.04420907554869097,0.07766138134730345,1.0,0.0,0.0,0.0,0.0
3.717041015625,223.0224609375,0.01918747755428218,0.045072584077180504,0.07917829307403283,1.0,0.0,0.0,0.0,0.0
3.72314453125,223.388671875,0.018372955273326802,0.04593594266051125,0.08069494139448165,1.0,0.0,0.0,0.0,0.0
3.729248046875,223.7548828125,0.01764608822251546,0.04677025113516206,0.08216055785008433,1.0,0.0,0.0,0.0,0.0
3.7353515625,224.12109375,0.017010085036422443,0.04754990960764257,0.08353017151425782,1.0,0.0,0.0,0.0,0.0
3.741455078125,224.4873046875,0.016466816286060136,0.04825258869121032,0.08476455670771488,1.0,0.0,0.0,0.0,0.0
3.74755859375,224.853515625,0.01601679414958376,0.04885905071442713,0.08582991891837283,1.0,0.0,0.0,0.0,0.0
3.753662109375,225.2197265625,0.01565919948272821,0.04935289719663782,0.08669745119553496,1.0,0.0,0.0,0.0,0.0
3.759765625,225.5859375,0.015391965280280055,0.049720299336976616,0.08734286070420567,1.0,0.0,0.0,0.0,0.0
3.765869140625,225.9521484375,0.015211921126844196,0.04994975335629788,0.08774593893814328,1.0,0.0,0.0,0.0,0.0
3.77197265625,226.318359375,0.01511499669745353,0.050031891633844805,0.08789022994664347,1.0,0.0,0.0,0.0,0.0
3.778076171875,226.6845703125,0.015096475239236344,0.04995937315439482,0.0877628378847785,1.0,0.0,0.0,0.0,0.0
3.7841796875,227.05078125,0.015151282125445219,0.04972687209794945,0.08735440696908638,1.0,0.0,0.0,0.0,0.0
3.790283203125,227.4169921875,0.015274290384568305,0.049331180867883934,0.08665930246548605,1.0,0.0,0.0,0.0,0.0
3.79638671875,227.783203125,0.015460624841978257,0.0487714430910114,0.0856760199967922,1.0,0.0,0.0,0.0,0.0
3.802490234375,228.1494140625,0.015705948383168522,0.04804953292569624,0.08440785186725765,1.0,0.0,0.0,0.0,0.0
3.80859375,228.515625,0.016006716554788622,0.04717059916910899,0.08286384288715216,1.0,0.0,0.0,0.0,0.0
3.814697265625,228.8818359375,0.016360389120067736,0.046143795622076635,0.081060073393103,1.0,0.0,0.0,0.0,0.0
3.82080078125,229.248046875,0.01676558874072856,0.04498322148713461,0.07902131123042715,1.0,0.0,0.0,0.0,0.0
3.826904296875,229.6142578125,0.01722219782299068,0.043709093767193195,0.07678307128726077,1.0,0.0,0.0,0.0,0.0
3.8330078125,229.98046875,0.017731385403345262,0.042349160316256226,0.07439409777832934,1.0,0.0,0.0,0.0,0.0
3.839111328125,230.3466796875,0.018295557624024815,0.04094032316919325,0.07191921592259364,1.0,0.0,0.0,0.0,0.0
3.84521484375,230.712890625,0.01891822860539653,0.03953035275866425,0.06944234328091387,1.0,0.0,0.0,0.0,0.0
3.851318359375,231.0791015625,0.019603813715639053,0.03817940032128866,0.0670691465759626,1.0,0.0,0.0,0.0,0.0
3.857421875,231.4453125,0.02035735412056143,0.03696072834932227,0.06492832486509209,1.0,0.0,0.0,0.0,0.0
3.863525390625,231.8115234375,0.021184189144461563,0.035959702319120525,0.06316983832572864,1.0,0.0,0.0,0.0,0.0
3.86962890625,232.177734375,0.022089599905938676,0.03526980374803415,0.06195790445570033,1.0,0.0,0.0,0.0,0.0
3.875732421875,232.5439453125,0.023078452229107004,0.03498467042659661,0.061457015275455086,1.0,0.0,0.0,0.0,0.0
3.8818359375,232.91015625,0.024154867613021953,0.035186474986718744,0.06181152214325893,1.0,0.0,0.0,0.0,0.0
3.887939453125,233.2763671875,0.02532194754332988,0.03593324779858718,0.06312336608938347,1.0,0.0,0.0,0.0,0.0
3.89404296875,233.642578125,0.02658156920868912,0.037249594504408,0.06543577145496104,1.0,0.0,0.0,0.0,0.0
3.900146484375,234.0087890625,0.027934261241919386,0.039124581188955156,0.06872953080465287,1.0,0.0,0.0,0.0,0.0
3.90625,234.375,0.02937915839459057,0.04151717189945256,0.0729325569315237,1.0,0.0,0.0,0.0,0.0
3.912353515625,234.7412109375,0.03091402586026717,0.044366119441432754,0.07793725786114397,1.0,0.0,0.0,0.0,0.0
3.91845703125,235.107421875,0.0325353384326256,0.047600226902452906,0.0836185631074348,1.0,0.0,0.0,0.0,0.0
3.924560546875,235.4736328125,0.034238397158377405,0.05114630837030348,0.08984790813999573,1.0,0.0,0.0,0.0,0.0
3.9306640625,235.83984375,0.0360174662780579,0.05493414459884454,0.09650193992362503,1.0,0.0,0.0,0.0,0.0
3.936767578125,236.2060546875,0.03786591530641945,0.05889895341503478,0.10346685664313826,1.0,0.0,0.0,0.0,0.0
3.94287109375,236.572265625,0.039776354264428486,0.06298224407032894,0.11063990852890813,1.0,0.0,0.0,0.0,0.0
3.948974609375,236.9384765625,0.04174075363148684,0.06713179623044065,0.1179293609485144,1.0,0.0,0.0,0.0,0.0
3.955078125,237.3046875,0.04375054404406466,0.07130124973875286,0.12525377375063812,1.0,0.0,0.0,0.0,0.0
3.961181640625,237.6708984375,0.045796693838577276,0.07544957427214644,0.13254106961787307,1.0,0.0,0.0,0.0,0.0
3.96728515625,238.037109375,0.04786976509420437,0.07954054581374415,0.13972761439470438,1.0,0.0,0.0,0.0,0.0
3.973388671875,238.4033203125,0.04995995084591011,0.08354227694487303,0.14675739195885384,1.0,0.0,0.0,0.0,0.0
3.9794921875,238.76953125,0.05205709762807322,0.08742680848639817,0.15358128686409225,1.0,0.0,0.0,0.0,0.0
3.985595703125,239.1357421875,0.054150718510443285,0.09116975358955787,0.16015645912025842,1.0,0.0,0.0,0.0,0.0
3.99169921875,239.501953125,0.05623000233784795,0.09474998088746361,0.16644578759052808,1.0,0.0,0.0,0.0,0.0
3.997802734375,239.8681640625,0.05828382501874097,0.09814932444223637,0.17241736046015171,1.0,0.0,0.0,0.0,0.0
