time_s,aligned_time_s,ppg_bandpassed,filtered_final,stage_1,stage_2,reference_1,reference_2
106.0,110.5,-88.19916915476806,0.0,0.0,0.0,1.13284040455763,0.503696498025884
106.02,110.52,-88.58484027813388,-2.7319818905589335,-2.4372118066571082,-2.7319818905589335,0.770551537952937,0.3410004099567403
106.04,110.54,-82.5224765603177,-2.4742267223321868,-2.232471688847067,-2.4742267223321868,0.3822008865907877,0.18703408764545515
106.06,110.56,-70.52606966143337,-2.122451625691079,-1.9118413705990045,-2.122451625691079,0.037005335734313444,0.06146369758816871
106.08,110.58,-53.770380844250745,-1.652048944019754,-1.4748171750629575,-1.652048944019754,-0.22332395492713558,-0.03090053979610992
106.1,110.6,-33.941185485790385,-1.077836450378368,-0.9462410966007323,-1.077836450378368,-0.3940253395459718,-0.09923104936392427
106.12,110.62,-12.957525260016723,-0.4526286185882894,-0.3754210536915508,-0.4526286185882894,-0.5020708805746239,-0.15965874709071892
106.14,110.64,7.360591634751403,0.15812967891839097,0.18146057982990388,0.15812967891839097,-0.5896169561327593,-0.22596538777518346
106.16,110.66,25.57129128374881,0.6983018899059416,0.6774350552382334,0.6983018899059416,-0.6934293330711631,-0.3025102547143118
106.18,110.68,40.74414821582917,1.1286208991231852,1.080622690839673,1.1286208991231852,-0.8281437644186764,-0.38226260266418627
106.2,110.7,52.414340460898195,1.4258368304054483,1.3727400255333697,1.4258368304054483,-0.9790982320112612,-0.4501273407379515
106.22,110.72,60.398830921661926,1.5822816282022556,1.546121559422882,1.5822816282022556,-1.1069450925616238,-0.48950737077293505
106.24,110.74,64.57286471051601,1.608270999867194,1.6030913961222213,1.608270999867194,-1.162239361568468,-0.489120272303428
106.26,110.76,64.719205140775,1.5307726338744847,1.5562062079038403,1.5307726338744847,-1.1046724504763996,-0.4475275425391038
106.28,110.78,60.525258056633064,1.3804759243985112,1.423378092194128,1.3804759243985112,-0.9198986203217872,-0.3740863968031902
106.3,110.8,51.73204971706208,1.1717889532018952,1.2166225533073343,1.1717889532018952,-0.627873437253922,-0.2864131875563651
106.32,110.82,38.36945882674189,0.8925541389380346,0.9337700732891294,0.8925541389380346,-0.2798724208496921,-0.20550136534660082
106.34,110.84,20.97611364590571,0.515184480801854,0.5636796706176095,0.515184480801854,0.054613184571364805,-0.15014704341723323
106.36,110.86,0.7122467382251564,0.02346951009018461,0.10388942965107613,0.02346951009018461,0.3067073117818081,-0.13223443715836267
106.38,110.88,-20.68133823813733,-0.5642192857722272,-0.42296567402856944,-0.5642192857722272,0.42689370440280605,-0.15387360458687258
106.4,110.9,-41.071676829787826,-1.1922645408979557,-0.9682762555242616,-1.1922645408979557,0.3982823206663602,-0.20675676727052805
106.42,110.92,-58.22574697697981,-1.7828593701784954,-1.470830023379431,-1.7828593701784954,0.2407401136850538,-0.2737760754518374
106.44,110.94,-70.14841450407773,-2.2515600399837243,-1.8689093259612055,-2.2515600399837243,0.00474102530960731,-0.33284840132426036
106.46,110.96,-75.40740719656479,-2.5186896864120984,-2.1046199339637175,-2.5186896864120984,-0.24332445109107284,-0.3625313612394755
106.48,110.98,-73.38812711827272,-2.52767143758815,-2.131577412867053,-2.52767143758815,-0.44001745468055486,-0.3481800456775117
106.5,111.0,-64.42466808096198,-2.2687324179473083,-1.9327194585211656,-2.2687324179473083,-0.5421654486850347,-0.2866181588931252
106.52,111.02,-49.76565711768683,-1.7862492703729043,-1.5345435674452703,-1.7862492703729043,-0.5375001905644515,-0.18737449155593786
106.54,111.04,-31.36083243785991,-1.1595459975170688,-1.0009332941746263,-1.1595459975170688,-0.4458106721559497,-0.06969982752532537
106.56,111.06,-11.496281144880728,-0.4761277505139548,-0.4110477255043449,-0.4761277505139548,-0.31072490186645146,0.043731341360069446
106.58,111.08,7.645905777979285,0.183245196630936,0.16086768747687982,0.183245196630936,-0.1847328485942204,0.13419431363042927
106.6,111.1,24.38994579684424,0.7521961493714886,0.656847025665151,0.7521961493714886,-0.11173869798998151,0.19271024225518946
106.62,111.12,37.80996862527476,1.1894612785143224,1.0423492482142926,1.1894612785143224,-0.11223330823364117,0.22216387771285892
106.64,111.14,47.735114947183185,1.4872092580719376,1.3099467151519826,1.4872092580719376,-0.17588734474921958,0.2348942190054455
106.66,111.16,54.51969008050942,1.6659289466416785,1.4751006479403102,1.6659289466416785,-0.26460512466313507,0.24653079649449552
106.68,111.18,58.67258640027164,1.7578858582361112,1.5643303684712722,1.7578858582361112,-0.3258313220790093,0.2683766748037455
106.7,111.2,60.494391262867936,1.7902176540789358,1.6018368050876723,1.7902176540789358,-0.3120375154909202,0.30140248707728073
106.72,111.22,59.86465601355201,1.7741063907863046,1.5990138163821441,1.7741063907863046,-0.19951712086930204,0.3343947677647295
106.74,111.24,56.26183663371665,1.7006785517968641,1.5480842090144462,1.7006785517968641,0.0006296320595769681,0.3471468262240957
106.76,111.26,49.01070400676196,1.544618239592923,1.4223680743339353,1.544618239592923,0.24389136323348226,0.31759426884559805
106.78,111.28,37.667612306011236,1.2768233976069125,1.187497650925989,1.2768233976069125,0.466265386248305,0.2303600768617686
106.8,111.3,22.399591609819137,0.8824616035472933,0.8229625557466261,0.8824616035472933,0.6060087210819224,0.08373959927992092
106.82,111.32,4.208686986310962,0.37495237733135134,0.34198967970652383,0.37495237733135134,0.6251582131578417,-0.1072875641186792
106.84,111.34,-15.09517918138893,-0.20059978200378314,-0.20590111549086784,-0.20059978200378314,0.5226439732984177,-0.3131581957443608
106.86,111.36,-33.17885766808549,-0.7712618447948055,-0.7495978675450637,-0.7712618447948055,0.334288180494507,-0.4964853005962187
106.88,111.38,-47.643834924428894,-1.2459284815246863,-1.2126393734053065,-1.2459284815246863,0.12029267360641463,-0.6215533833000382
106.9,111.4,-56.52156904721693,-1.5396997921245903,-1.524049147000217,-1.5396997921245903,-0.054603020908744096,-0.66369258714734
106.92,111.42,-58.67210588022685,-1.6088293108232485,-1.6313348341479577,-1.6088293108232485,-0.1410463358625937,-0.6156156082992074
106.94,111.44,-53.9925400185736,-1.465617939915512,-1.5164915163136725,-1.465617939915512,-0.11866212420736624,-0.4887524088929152
106.96,111.46,-43.397958236117404,-1.1572460115149337,-1.2026526073460118,-1.1572460115149337,0.00016418811490888228,-0.3093508120408407
106.98,111.48,-28.592799174422854,-0.7360837667939312,-0.7453140723916735,-0.7360837667939312,0.1761913002908364,-0.11098943880624648
107.0,111.5,-11.698188571212091,-0.2523102025029008,-0.2171679207214952,-0.2523102025029008,0.3560251572761986,0.07367596952844459
107.02,111.52,5.166332313673087,0.23745876459388426,0.30526221814132415,0.23745876459388426,0.4875179413137133,0.2192597031885133
107.04,111.54,20.24106034808241,0.6719609768060442,0.7550943817942202,0.6719609768060442,0.5338726022106278,0.31076788608721356
107.06,111.56,32.34316315696492,1.0049345124501048,1.0892385748575906,1.0049345124501048,0.4832362424013006,0.3438260663281084
107.08,111.58,40.90910391837192,1.2221881659692941,1.29512728990995,1.2221881659692941,0.3516040089501733,0.3232548434394833
107.1,111.6,45.88227651494474,1.3372382970355665,1.3842340233029895,1.3372382970355665,0.17822219726861172,0.2610881663591966
107.12,111.62,47.50811585336151,1.372095226487517,1.378477538877399,1.372095226487517,0.014519916168943542,0.17444403761537564
107.14,111.64,46.11973119508916,1.3417908889951449,1.2996857929773766,1.3417908889951449,-0.09039446354678499,0.08315615720185458
107.16,111.66,41.9894184463779,1.250374882966227,1.1651227431684001,1.250374882966227,-0.10331137866023342,0.007048876015743543
107.18,111.68,35.28758078234796,1.093787662181349,0.9857923892017858,1.093787662181349,-0.015415775857041028,-0.03700310624522311
107.2,111.7,26.146350638038527,0.8640715907252583,0.7655897096101804,0.8640715907252583,0.1565637588786507,-0.03784805299115366
107.22,111.72,14.79047571949518,0.5543126408404501,0.5033236395729092,0.5543126408404501,0.37604985521443807,0.007835304601433437
107.24,111.74,1.6819133927290322,0.16589206231619005,0.19934008045781038,0.16589206231619005,0.5964680568719412,0.09465389888618303
107.26,111.76,-12.37666461327571,-0.2828559060985353,-0.13600128883637813,-0.2828559060985353,0.7720753950808841,0.20939401352128212
107.28,111.78,-26.226600734127214,-0.7515518667431247,-0.4781265607711116,-0.7515518667431247,0.8675224667461001,0.3339600043301715
107.3,111.8,-38.45679226211291,-1.1824365768032639,-0.7923426637263103,-1.1824365768032639,0.86483676740649,0.4498368873035527
107.32,111.82,-47.6258579861747,-1.515688630184306,-1.0434647014413323,-1.515688630184306,0.7665396494758383,0.5425509013452611
107.34,111.84,-52.55733296504915,-1.7073142408149624,-1.2038903107447996,-1.7073142408149624,0.5935806338072864,0.6042587151209742
107.36,111.86,-52.619149944943864,-1.7391164385857272,-1.2566871934356765,-1.7391164385857272,0.37806428960034744,0.6334943217683591
107.38,111.88,-47.887559334943326,-1.618237556103284,-1.1965842350627085,-1.618237556103284,0.1530892482372185,0.6326747380443912
107.4,111.9,-39.133466475269444,-1.3717216215948667,-1.0320207674349868,-1.3717216215948667,-0.05644069747463374,0.6050111114499024
107.42,111.92,-27.63962551501222,-1.0404922143632096,-0.786665701878638,-1.0404922143632096,-0.2387385308461165,0.5523851649359098
107.44,111.94,-14.92047639325994,-0.6723855618252684,-0.49674229217388444,-0.6723855618252684,-0.39462468380077603,0.47490027363056264
107.46,111.96,-2.440343007301985,-0.31368313569820694,-0.20365767477410895,-0.31368313569820694,-0.532612815624358,0.3719400799609263
107.48,111.98,8.593699450468147,-0.0016243394012139187,0.05471609877964312,-0.0016243394012139187,-0.6618838491902527,0.24408897112309527
107.5,112.0,17.33166002420548,0.23908277784347842,0.25046826727397586,0.23908277784347842,-0.7857514593380296,0.09511910585648309
107.52,112.02,23.285131577593383,0.395619380065008,0.3685620864777242,0.395619380065008,-0.8979261704852157,-0.06678940282569011
107.54,112.04,26.278021272687205,0.4650314529510472,0.40704198798531177,0.4650314529510472,-0.9831072069220094,-0.22933170021753843
107.56,112.06,26.39137031986762,0.45351556754901656,0.3755355756792167,0.45351556754901656,-1.0220490757084288,-0.37817555081730714
107.58,112.08,23.93117859302995,0.3767091408029717,0.2921784276540904,0.3767091408029717,-0.9994273969665874,-0.5004260528207213
107.6,112.1,19.41337527003933,0.2579472170075655,0.17887108686926156,0.2579472170075655,-0.9113727534141173,-0.5882496807558282
107.62,112.12,13.531843931156494,0.12270359941922218,0.055917059547164805,0.12270359941922218,-0.7694076992515652,-0.6411463284198351
107.64,112.14,7.076201823180848,-0.008325813510795893,-0.06194833574691469,-0.008325813510795893,-0.5989511417256399,-0.6657830138206866
107.66,112.16,0.7993554073107318,-0.12331326889057209,-0.1669649744499718,-0.12331326889057209,-0.43282535470562633,-0.6732965719600547
107.68,112.18,-4.7210852577208495,-0.21907618855600874,-0.2575838466588371,-0.21907618855600874,-0.30211467053951496,-0.6749963245619882
107.7,112.2,-9.16188548928648,-0.2979445622362711,-0.33625014021802163,-0.2979445622362711,-0.2273958443888442,-0.6779405696040661
107.72,112.22,-12.429274267548715,-0.3633452454115468,-0.40587493463923774,-0.3633452454115468,-0.21282562364705773,-0.6818482925223067
107.74,112.24,-14.540351267193595,-0.41520518365714904,-0.4653937213008358,-0.41520518365714904,-0.24459493848330927,-0.6784909960724824
107.76,112.26,-15.476291475820283,-0.4468288716660637,-0.5061561943339488,-0.4468288716660637,-0.2944187704498424,-0.6541706513032648
107.78,112.28,-15.093169609180977,-0.4452729162095145,-0.5117579746538004,-0.4452729162095145,-0.32783477788359705,-0.5949400735379385
107.8,112.3,-13.146623628674025,-0.3955777053693499,-0.4627940166653737,-0.3955777053693499,-0.3156516328048605,-0.4929269986114554
107.82,112.32,-9.42158887299833,-0.2864774570510381,-0.34503567274739666,-0.2864774570510381,-0.24512501075474447,-0.3511705063706832
107.84,112.34,-3.8964299795245974,-0.11491569089169333,-0.1570279176394017,-0.11491569089169333,-0.1264447617716925,-0.18461891783113255
107.86,112.36,3.1479517501127776,0.11058907437755038,0.08641775567645295,0.11058907437755038,0.008991789937951706,-0.016513753515423665
107.88,112.38,11.126828184588982,0.36732146099879515,0.3559398561568202,0.36732146099879515,0.11913262693534134,0.12854888814275828
107.9,112.4,19.2456273405929,0.6201217922714842,0.6142473326980604,0.6201217922714842,0.167436490551558,0.23218722252068913
107.92,112.42,26.628150111528697,0.8310631076959022,0.8259913373569626,0.8310631076959022,0.13852263896909514,0.2876032744880872
107.94,112.44,32.41716456014066,0.9716857585033033,0.9663173818667139,0.9716857585033033,0.04674178660075234,0.3008819241497111
107.96,112.46,35.82714479791448,1.027604036193532,1.0234040125551889,1.027604036193532,-0.06643534792402493,0.28785293080777924
107.98,112.48,36.17784055066018,0.9945129995897113,0.9956557747683489,0.9945129995897113,-0.14598791063544095,0.26764431462806704
108.0,112.5,32.957224183438846,0.8737056704320647,0.8880035566378032,0.8737056704320647,-0.14331959036392258,0.2551493507892681
108.02,112.52,25.94102822129453,0.6712497294711671,0.7091586558204646,0.6712497294711671,-0.03541339935685951,0.2551039488676995
108.04,112.54,15.348874246509542,0.39847393240214724,0.469220157209298,0.39847393240214724,0.16420134879016662,0.2601601134052354
108.06,112.56,1.972889122542286,0.07303229530985761,0.17951885929158404,0.07303229530985761,0.4075030923019263,0.25412066099175357
108.08,112.58,-12.800527069259571,-0.2781393674997217,-0.1427485540631483,-0.2781393674997217,0.6272274465977882,0.21955299927166505
108.1,112.6,-27.13049803462477,-0.6175206407672396,-0.4688365043264108,-0.6175206407672396,0.7602378961453561,0.1470196225374769
108.12,112.62,-39.02168010037837,-0.9030827773988156,-0.7599453708614989,-0.9030827773988156,0.7703738609173356,0.042120359124190716
108.14,112.64,-46.71968909531388,-1.0986670358812174,-0.9767183333802725,-1.0986670358812174,0.6620253436022638,-0.07290162993624279
108.16,112.66,-49.09361596556901,-1.1794048133999122,-1.0873717035480357,-1.1794048133999122,0.4791651438303175,-0.16420247708018035
108.18,112.68,-45.891621522846044,-1.1323547115879173,-1.0696611706292753,-1.1323547115879173,0.2901013288743027,-0.19660587093357815
108.2,112.7,-37.79094790369153,-0.9599902628014102,-0.9136046375337168,-0.9599902628014102,0.16350404010015815,-0.14559446527660252
108.22,112.72,-26.227098907856334,-0.6841423856660758,-0.6292161036665181,-0.6841423856660758,0.14431266366329032,-0.006837343991143108
108.24,112.74,-13.05393732119776,-0.3419755105655642,-0.2516265784840582,-0.3419755105655642,0.23800404326564054,0.20007483605208923
108.26,112.76,-0.13367228709089193,0.021229216232228232,0.1637373358413347,0.021229216232228232,0.40867179677782794,0.43507349607601403
108.28,112.78,11.029745206897207,0.3529504058041264,0.5526996893194136,0.3529504058041264,0.5914795827290666,0.6472734931574283
108.3,112.8,19.52094664210951,0.5984524886001928,0.8559427677204099,0.5984524886001928,0.7148751450894336,0.7878673026514182
108.32,112.82,25.06273855176123,0.7259895348369805,1.0346836424116017,0.7259895348369805,0.7245365940784472,0.8223675287474485
108.34,112.84,27.899019828153616,0.7522071451403978,1.0827153816707527,0.7522071451403978,0.600989996224133,0.738945078868138
108.36,112.86,28.572106873221585,0.7292360787444966,1.0235696687734175,0.7292360787444966,0.36588719574015516,0.5511929527478413
108.38,112.88,27.676201483551633,0.7031576346905455,0.8941712591627912,0.7031576346905455,0.07598928449787284,0.2950943620710797
108.4,112.9,25.66091329375236,0.688930325131194,0.7300717311974072,0.688930325131194,-0.19278803279771034,0.02088253513758731
108.42,112.92,22.731331966267106,0.6752267586412741,0.5604023356619561,0.6752267586412741,-0.3666358231744704,-0.21869681241200764
108.44,112.94,18.856568806216288,0.6415050825130721,0.40681870914598783,0.6415050825130721,-0.3944788822650088,-0.38114298129301133
108.46,112.96,13.867306283329377,0.5718279896339611,0.2801078030648332,0.5718279896339611,-0.262155820406947,-0.4445605216555214
108.48,112.98,7.602674253178097,0.4595800870737674,0.1768630244650721,0.4595800870737674,0.0037806195817408545,-0.4124017525509027
108.5,113.0,0.06199655977574436,0.304688451732949,0.08176434820022713,0.304688451732949,0.343485114401478,-0.3109128287458374
108.52,113.02,-8.47610988927132,0.11096120597659151,-0.02402046693372753,0.11096120597659151,0.6800481526112163,-0.1800163298695321
108.54,113.04,-17.395915591927217,-0.11068391592213915,-0.1522611231343562,-0.11068391592213915,0.9396576484897037,-0.06067575987416246
108.56,113.06,-25.77068299492742,-0.33732226982672,-0.3001171400888679,-0.33732226982672,1.0698125075603384,0.016990939361865753
108.58,113.08,-32.48602930248251,-0.5369512809064152,-0.4501437289128958,-0.5369512809064152,1.0504311203896672,0.040975995443946645
108.6,113.1,-36.4523474420009,-0.6796577179212306,-0.577362367361851,-0.6796577179212306,0.8950047110928246,0.01797220206160632
108.62,113.12,-36.865348885705586,-0.7463271166442985,-0.6572738353116898,-0.7463271166442985,0.6422359256318524,-0.032246496719306454
108.64,113.14,-33.44344943779507,-0.729403778689592,-0.6709814365078794,-0.729403778689592,0.3418158283482333,-0.08591963776117385
108.66,113.16,-26.560785631303222,-0.6319501226798833,-0.6096053000802053,-0.6319501226798833,0.03976862627533001,-0.12402588539003305
108.68,113.18,-17.215947543439537,-0.46984383174647004,-0.47950596116574973,-0.46984383174647004,-0.23178248052171416,-0.13738382782085248
108.7,113.2,-6.825472372738139,-0.27291755819821395,-0.30455735177870746,-0.27291755819821395,-0.4581226649728679,-0.12686150805756077
108.72,113.22,3.108565868037279,-0.07953475382064754,-0.12093683284285518,-0.07953475382064754,-0.6394200598357073,-0.09972166284781665
108.74,113.24,11.357905488913685,0.07430541399636054,0.034627335785912094,0.07430541399636054,-0.7847804368576962,-0.06457173310005133
108.76,113.26,17.236970401010694,0.16545643751955974,0.13698997828468085,0.16545643751955974,-0.9057156653968081,-0.02746270975505147
108.78,113.28,20.688618034685327,0.1888644981128177,0.1791060450585259,0.1888644981128177,-1.0107977294939294,0.009392240654652462
108.8,113.3,22.158614908342024,0.15626888510892994,0.1709543431113521,0.15626888510892994,-1.10198030295309,0.04634396314177603
108.82,113.32,22.31260233669617,0.08993004484189321,0.1327408466550406,0.08993004484189321,-1.1725609499160055,0.08375073986664919
108.84,113.34,21.713147147533622,0.014344784477580017,0.08602326648490344,0.014344784477580017,-1.2071773736872025,0.11976248684548614
108.86,113.36,20.58853931773377,-0.05105590449643679,0.0462673421544485,-0.05105590449643679,-1.1847356046350717,0.149534023279279
108.88,113.38,18.780887973378857,-0.09614893945621075,0.019072840971547378,-0.09614893945621075,-1.0848048812789919,0.16600361400851027
108.9,113.4,15.88008252640688,-0.12064992699586795,0.0005124521458099163,-0.12064992699586795,-0.8965840039472611,0.16163857460245531
108.92,113.42,11.471649235463572,-0.1318457959917593,-0.019727964186743552,-0.1318457959917593,-0.6276757134861902,0.1303509835636932
108.94,113.44,5.386838578251041,-0.14129983933529705,-0.05447344640463095,-0.14129983933529705,-0.3087070969444555,0.06900343840611872
108.96,113.46,-2.142613895834478,-0.1615490233072135,-0.11554305938685083,-0.1615490233072135,0.00964715012000204,-0.021694977134080324
108.98,113.48,-10.468404377792984,-0.20237249846368457,-0.21014508365660642,-0.20237249846368457,0.26815546806355645,-0.13674028430743726
109.0,113.5,-18.630888986862434,-0.26643918522094573,-0.33694750776745275,-0.26643918522094573,0.4162696973300947,-0.2665455509484725
109.02,113.52,-25.53273485774366,-0.34606548146710436,-0.48339653698575724,-0.34606548146710436,0.42919826199577144,-0.396856649164379
109.04,113.54,-30.12726426970705,-0.42309778384539876,-0.6259117456630077,-0.42309778384539876,0.3179618757538732,-0.5095258014062004
109.06,113.56,-31.58725632403193,-0.47170139523259125,-0.7322857005366502,-0.47170139523259125,0.12767821230174994,-0.5850147548728549
109.08,113.58,-29.43835740794781,-0.4633629733544121,-0.7657853616350858,-0.4633629733544121,-0.07615593629799063,-0.6067931912716708
109.1,113.6,-23.64699402339482,-0.37480465623855974,-0.6933836959898753,-0.37480465623855974,-0.2286291897059891,-0.566450286180533
109.12,113.62,-14.648956135045825,-0.19673300997209675,-0.49838432766877316,-0.19673300997209675,-0.28585952716776875,-0.4673182481709576
109.14,113.64,-3.303370835315985,0.06265091319478322,-0.19020626826122955,0.06265091319478322,-0.23761189730627258,-0.3245816967970822
109.16,113.66,9.232688209654754,0.38053484305768315,0.19625940732777808,0.38053484305768315,-0.10830521556337329,-0.16127580063421268
109.18,113.68,21.691422995349722,0.722135182168078,0.6096396284934427,0.722135182168078,0.05279004995143762,-0.0014910898442972364
109.2,113.7,32.90144713019828,1.0412384679648028,0.9927832745179749,1.0412384679648028,0.1879449652890903,0.1365444423852182
109.22,113.72,41.958567091460296,1.2866303636569034,1.2939792595931139,1.2866303636569034,0.24860851990839689,0.24476556362805713
109.24,113.74,48.30898442304108,1.4173618794778635,1.4788601419453111,1.4173618794778635,0.20969469784951872,0.32543165206176794
109.26,113.76,51.7221936488277,1.4155691530321761,1.5371628491211964,1.4155691530321761,0.07739169298880345,0.38746768948554927
109.28,113.78,52.17595514926721,1.2862562327313736,1.4790565257590185,1.2862562327313736,-0.11122831163465231,0.4408769597564002
109.3,113.8,49.716739241825444,1.0492523727409453,1.325735244799104,1.0492523727409453,-0.2970686553069001,0.4917487089545504
109.32,113.82,44.37145348318186,0.7345548264760118,1.103108285635377,0.7345548264760118,-0.4147259240127739,0.5397871209214445
109.34,113.84,36.15923023168282,0.3811899520102099,0.8394421881601712,0.3811899520102099,-0.4113331848250981,0.5788202398512517
109.36,113.86,25.19852831585544,0.031036551104243748,0.5610370209993172,0.031036551104243748,-0.26328425875398637,0.5993472333783515
109.38,113.88,11.854501506539174,-0.28369100531042024,0.28506363543458446,-0.28369100531042024,0.01446747480985652,0.5916573449568285
109.4,113.9,-3.149556295483168,-0.5489002890649909,0.016808032018789637,-0.5489002890649909,0.370097935963054,0.5484378368512972
109.42,113.92,-18.71787273160873,-0.7647710169756547,-0.24406536863696254,-0.7647710169756547,0.7278254143284593,0.4665119356614178
109.44,113.94,-33.485277376957534,-0.9344799617650039,-0.4937337024864238,-0.9344799617650039,1.0083998211020382,0.34783969598433323
109.46,113.96,-46.01016479637972,-1.0571105443975566,-0.7205766912320725,-1.0571105443975566,1.1507482414457786,0.19995160755793548
109.48,113.98,-54.99656488948553,-1.1293228693382271,-0.9102705146647438,-1.1293228693382271,1.1280100281905392,0.03571979271093519
109.5,114.0,-59.482373991999,-1.1485136395498166,-1.051162598512061,-1.1485136395498166,0.9533060703343663,-0.127824467838796
109.52,114.02,-58.95876635336214,-1.1097669209741228,-1.1314005742423545,-1.1097669209741228,0.6740459364747524,-0.271780524928848
109.54,114.04,-53.422160806433034,-1.0010728454187547,-1.1322529989518788,-1.0010728454187547,0.3569629553812261,-0.37855204613834476
109.56,114.06,-43.37829865562677,-0.8073388368578287,-1.029697230572511,-0.8073388368578287,0.06841527304893737,-0.43535876202018214
109.58,114.08,-29.808481948909158,-0.5243943912676525,-0.8084414304861256,-0.5243943912676525,-0.14443954670736756,-0.43737208109113995
109.6,114.1,-14.085493112397172,-0.17125045292129015,-0.47885910352819555,-0.17125045292129015,-0.26608978242456055,-0.38962830161442485
109.62,114.12,2.1815355133474346,0.21106901910481385,-0.08260522075916465,0.21106901910481385,-0.314634513519231,-0.3068325422867794
109.64,114.14,17.370503554170536,0.5715788688947359,0.3174210257586097,0.5715788688947359,-0.3321474538988112,-0.21052476078934362
109.66,114.16,30.090610321231935,0.8615050194360179,0.6549265831486881,0.8615050194360179,-0.36636240030473266,-0.12393390747641411
109.68,114.18,39.368945647401375,1.043102904377386,0.8770980573228732,1.043102904377386,-0.45005992206768247,-0.06582802090001241
109.7,114.2,44.71263284738597,1.0971747361041355,0.9564151676188248,1.0971747361041355,-0.585697435878145,-0.045274510643454426
109.72,114.22,46.033565048537476,1.0274247020107792,0.8954665017512217,1.0274247020107792,-0.7411737026442854,-0.05917065914970383
109.74,114.24,43.48793204199256,0.8588217102234071,0.7245385893771586,0.8588217102234071,-0.8588113883194854,-0.09364665705391895
109.76,114.26,37.32154859700898,0.6304389516803575,0.4925182228961654,0.6304389516803575,-0.874945857090514,-0.1291692665362774
109.78,114.28,27.803012233144152,0.38296517064060864,0.2506482512176301,0.38296517064060864,-0.7435397972356824,-0.1477939533249209
109.8,114.3,15.275606358238736,0.1435545297929307,0.03330494804102396,0.1435545297929307,-0.4555183278019725,-0.14002742164484985
109.82,114.32,0.2939635075663561,-0.08162674410110402,-0.15221980069457147,-0.08162674410110402,-0.046741816547723254,-0.10863029434841961
109.84,114.34,-16.234337477016783,-0.30003713459030357,-0.3195544909171766,-0.30003713459030357,0.4086822250358021,-0.06769318602555066
109.86,114.36,-32.99041962330792,-0.5176058827297813,-0.4872457620670057,-0.5176058827297813,0.8179493737600421,-0.037265924590207104
109.88,114.38,-48.32838021433161,-0.7283130210256928,-0.6647727867325431,-0.7283130210256928,1.0955579219601714,-0.035835318773031866
109.9,114.4,-60.50769258572998,-0.915092253382918,-0.8480137927205094,-0.915092253382918,1.1870433484727743,-0.07386168047030998
109.92,114.42,-68.01927304593265,-1.0587980252311973,-1.0237607239149693,-1.0587980252311973,1.0827338677602316,-0.15083078188719193
109.94,114.44,-69.90816383133773,-1.1437640530803972,-1.174823865275029,-1.1437640530803972,0.8176298901128155,-0.25641596453712734
109.96,114.46,-65.98966426738497,-1.1535262036451064,-1.2789981184545551,-1.1535262036451064,0.45840516322488195,-0.3745763356788166
109.98,114.48,-56.88858895000009,-1.0660834505238534,-1.307306225824033,-1.0660834505238534,0.08251443642530265,-0.4886186220011233
110.0,114.5,-43.887488285195246,-0.8619743111759451,-1.231682269838484,-0.8619743111759451,-0.2437130684396649,-0.5854817060198281
110.02,114.52,-28.62725469210404,-0.5432291456946485,-1.0416870416082915,-0.5432291456946485,-0.48142123386895014,-0.6582311224138906
110.04,114.54,-12.747153035583903,-0.1448790680669908,-0.7566103183957752,-0.1448790680669908,-0.6254897032856992,-0.7064088936777008
110.06,114.56,2.42767425339275,0.2748617346533225,-0.4207046926254312,0.2748617346533225,-0.6993697974000125,-0.7342983921414059
110.08,114.58,16.054601534567336,0.657244283895656,-0.08540469395957201,0.657244283895656,-0.7406598599050469,-0.7475341615556944
110.1,114.6,27.751642668955125,0.9598361441112815,0.2077444298379254,0.9598361441112815,-0.7824318772365599,-0.7489854260153052
110.12,114.62,37.41454220442818,1.16148571643827,0.43595163056638486,1.16148571643827,-0.8367506414151268,-0.7353120507180899
110.14,114.64,44.96747944059536,1.2615721474771355,0.5970055893505339,1.2615721474771355,-0.8864597154724707,-0.6956915201371449
110.16,114.66,50.165816116000116,1.2782811852793272,0.706681095724049,1.2782811852793272,-0.8889517104547018,-0.6137755155102551
110.18,114.68,52.542311495870756,1.244191451913039,0.7924416390621826,1.244191451913039,-0.7915850877644743,-0.47301501333429
110.2,114.7,51.5233812498213,1.1954963295271812,0.8832306153893593,1.1954963295271812,-0.5539133524705823,-0.2642020281200237
110.22,114.72,46.66668321489144,1.1552053099990187,0.9961506759377492,1.1552053099990187,-0.16875072515069361,0.007289065557238676
110.24,114.74,37.91846700076639,1.115777494181519,1.1230228564480222,1.115777494181519,0.3262937165278405,0.31776440839853765
110.26,114.76,25.783174102804853,1.030310346563797,1.222478370552205,1.030310346563797,0.8523551572440508,0.627413282843012
110.28,114.78,11.339727394740036,0.8293369919431555,1.2280956611744422,0.8293369919431555,1.3081568909218424,0.8887209553968185
110.3,114.8,-3.8959760782764254,0.477085541965552,1.0825392273462284,0.477085541965552,1.5985461675803128,1.058801309985646
110.32,114.82,-18.20911277545287,0.02763724592683725,0.7817776963011109,0.02763724592683725,1.6631404197506052,1.1116046429205453
110.34,114.84,-29.95094252412842,-0.4033797344401411,0.38354744900200655,-0.4033797344401411,1.495077535942934,1.0457438012263425
110.36,114.86,-37.770120324483,-0.7342774630258128,-0.03181317523517557,-0.7342774630258128,1.1431574070880874,0.8850669190965275
110.38,114.88,-40.779966359431725,-0.9514559877971764,-0.39657101761751057,-0.9514559877971764,0.6963985420772837,0.6715445945003926
110.4,114.9,-38.659088440806144,-1.0589670677011027,-0.6553558520538983,-1.0589670677011027,0.2561170132349583,0.4527118444700103
110.42,114.92,-31.69238881766044,-1.0376705245174835,-0.758655992512362,-1.0376705245174835,-0.09502064348902216,0.26799086168430264
110.44,114.94,-20.748649275690507,-0.8614577080313937,-0.6781232416904438,-0.8614577080313937,-0.31636144368278696,0.1388947147438212
110.46,114.96,-7.1753127908730345,-0.5381091453662179,-0.43003330055631905,-0.5381091453662179,-0.4169851376839131,0.06672866561699978
110.48,114.98,7.404768572135031,-0.12484311369877671,-0.07759853291517971,-0.12484311369877671,-0.4453188073732807,0.03820406587215512
110.5,115.0,21.374417362911768,0.2921807200256571,0.2921470068943077,0.2921807200256571,-0.464882858711216,0.035864657938496615
110.52,115.02,33.41123715620195,0.6299070690794768,0.598635674089514,0.6299070690794768,-0.5255555758300658,0.04831732749760695
110.54,115.04,42.68835733458933,0.8333008495640614,0.7913850243779927,0.8333008495640614,-0.6413674946997939,0.07586768131051774
110.56,115.06,48.9140008781855,0.8888232502280744,0.8621963119889368,0.8888232502280744,-0.7833593093954527,0.1296772331904782
110.58,115.08,52.203505319764865,0.8249500818693354,0.8439176112798272,0.8249500818693354,-0.8901690009477636,0.2255415614350036
110.6,115.1,52.85004022543636,0.6994001659794391,0.7962587960028935,0.6994001659794391,-0.8918108336657903,0.37544065217559663
110.62,115.12,51.09983522246231,0.5755723783299742,0.7817294159895385,0.5755723783299742,-0.7368280639056958,0.5803948860812027
110.64,115.14,47.026829638500516,0.4963545580277234,0.8396232027261092,0.4963545580277234,-0.4123357137656311,0.8271279568128799
110.66,115.16,40.551236772877715,0.466520893383791,0.9695859705947371,0.466520893383791,0.049642859784072596,1.0894737581247518
110.68,115.18,31.584779150472478,0.4483698649170166,1.129149439703427,0.4483698649170166,0.580292946778503,1.3340499056053963
110.7,115.2,20.238538419220557,0.37460534759002906,1.2434777133269312,0.37460534759002906,1.0923425066336163,1.5286320014788033
110.72,115.22,7.009698125860564,0.1882179268580475,1.2320331260352069,0.1882179268580475,1.501848847240862,1.6508641237325654
110.74,115.24,-7.129134644304582,-0.1066944486636805,1.0520107556163816,-0.1066944486636805,1.7468939172762112,1.6945096784308036
110.76,115.26,-20.785472491963073,-0.4388716001378017,0.7290641317014241,-0.4388716001378017,1.7987786994298114,1.6706776793461209
110.78,115.28,-32.352432285749984,-0.7256776069758306,0.3404882954245937,-0.7256776069758306,1.6639679940347203,1.6026480364175386
110.8,115.3,-40.323135300828376,-0.9240140270942535,-0.03348936359681631,-0.9240140270942535,1.3773510456448783,1.5150331197066764
110.82,115.32,-43.63447261789983,-1.0274960546958787,-0.3413277985155907,-1.0274960546958787,0.9893404205981607,1.4205817246180272
110.84,115.34,-41.94142718244256,-1.0417731035790698,-0.5602653635552636,-1.0417731035790698,0.5509957514505733,1.3100185077590174
110.86,115.36,-35.731976857568576,-0.9791279407397075,-0.6866943376417383,-0.9791279407397075,0.10213780286502785,1.1505835451159883
110.88,115.38,-26.232282504523113,-0.8688966355724216,-0.7322046947995847,-0.8688966355724216,-0.333589490798721,0.8963200409974695
110.9,115.4,-15.116296604313288,-0.7570759043668694,-0.7220779959295582,-0.7570759043668694,-0.7456979955389723,0.5079955139905705
110.92,115.42,-4.10424855931903,-0.6854542291772424,-0.6886052413962618,-0.6854542291772424,-1.128487959575446,-0.024860641655002666
110.94,115.44,5.41946308775837,-0.6655058945352427,-0.6587983665420466,-0.6655058945352427,-1.472117426790175,-0.6697360551955227
110.96,115.46,12.643331714696043,-0.6601429608399154,-0.6432170164503112,-0.6601429608399154,-1.757321026792989,-1.352120693645431
110.98,115.48,17.354055317083855,-0.5879617674319065,-0.6333102736770981,-0.5879617674319065,-1.9555434463090704,-1.9725151639184568
111.0,115.5,19.76924733007404,-0.39315882724620466,-0.609637466718007,-0.39315882724620466,-2.034002441657231,-2.4332220303785994
111.02,115.52,20.2683978141823,-0.1495888026463369,-0.55593901600367,-0.1495888026463369,-1.964161371465146,-2.6650015638815416
111.04,115.54,19.140741321392277,0.004761430927737176,-0.4693154968945461,0.004761430927737176,-1.731677403546797,-2.6448186935073106
111.06,115.56,16.44652968580122,0.05214839644631536,-0.3606008587762938,0.05214839644631536,-1.3453878526077052,-2.4002157656373173
111.08,115.58,12.030596891122466,0.05508348892605347,-0.24890228764145406,0.05508348892605347,-0.8424436299536577,-2.0005195727719856
111.1,115.6,5.6614155262541255,0.041881652174934614,-0.15818458483827655,0.041881652174934614,-0.2868561898001681,-1.5384575951643182
111.12,115.62,-2.7754779390291024,0.0035213364549983583,-0.11714509377877624,0.0035213364549983583,0.24004258065588416,-1.1075508491588733
111.14,115.64,-13.107843470663996,-0.0863101754398804,-0.15592436552686395,-0.0863101754398804,0.6563119224499623,-0.781030826012498
111.16,115.66,-24.784979039242486,-0.25313600373739614,-0.29485683268311225,-0.25313600373739614,0.8994167202702769,-0.5971315996906261
111.18,115.68,-36.882641202214096,-0.501800565579888,-0.5315958038439791,-0.501800565579888,0.9435758574298606,-0.5537356665574971
111.2,115.7,-48.19499168718295,-0.8080466528371972,-0.8384032191938631,-0.8080466528371972,0.8084790415842286,-0.6130013541136795
111.22,115.72,-57.390585601857566,-1.1234946689095076,-1.1687642779934337,-1.1234946689095076,0.5557128914738158,-0.714279673132531
111.24,115.74,-63.208586570929754,-1.38304043532887,-1.4619962760948741,-1.38304043532887,0.27299459161642964,-0.7917745334748657
111.26,115.76,-64.67212867338561,-1.5206032900614475,-1.6470682550331928,-1.5206032900614475,0.05025236209001544,-0.7923752024928228
111.28,115.78,-61.2879059580041,-1.498636074599585,-1.6585280815361052,-1.498636074599585,-0.0455321849130819,-0.6891548288941403
111.3,115.8,-53.186262890572706,-1.3230006402708776,-1.4626621284345467,-1.3230006402708776,0.010964636191311937,-0.48724326638669835
111.32,115.82,-41.14883748027416,-1.0213357176853246,-1.072948675100845,-1.0213357176853246,0.19702216860769475,-0.22088383847854282
111.34,115.84,-26.488707809541513,-0.617777824372904,-0.5447221123570292,-0.617777824372904,0.44984415713476156,0.05711176481286423
111.36,115.86,-10.796479304634989,-0.14255470641931073,0.03869441806970714,-0.14255470641931073,0.6864593253859141,0.2903141585692699
111.38,115.88,4.374384089584099,0.3442700605029007,0.5819321888722628,0.3442700605029007,0.8296199557807784,0.43383245198881193
111.4,115.9,17.77682938700259,0.7663490102646462,1.0034893710318789,0.7663490102646462,0.8320396522624097,0.4656233246025363
111.42,115.92,28.609305631759316,1.0791460413707896,1.264431431765844,1.0791460413707896,0.6915393211476394,0.3910928227145751
111.44,115.94,36.504447700129134,1.2887002032731192,1.3746929598468562,1.2887002032731192,0.45195704605898035,0.240099016601016
111.46,115.96,41.41470395411829,1.4199089357929238,1.3726694075173058,1.4199089357929238,0.18897327713998435,0.05766969230394791
111.48,115.98,43.47671530888041,1.4844570970424962,1.3021053219964767,1.4844570970424962,-0.014761876752806142,-0.10852711392823777
111.5,116.0,42.92528766219649,1.48202752070425,1.2019186940084503,1.48202752070425,-0.09676856709255054,-0.22022299368837173
111.52,116.02,40.08188194173391,1.417499389925923,1.1025126406327106,1.417499389925923,-0.03477376816949281,-0.2568660867398487
111.54,116.04,35.38826809385241,1.3062754700547243,1.020293767865989,1.3062754700547243,0.14705296832554665,-0.21847208708992452
111.56,116.06,29.42588979582808,1.1638711934233723,0.9533510547302333,1.1638711934233723,0.38716836132906,-0.12309796672750657
111.58,116.08,22.87494003396538,0.9963097191557683,0.8846995261378974,0.9963097191557683,0.6070413968167926,-0.00038602981261482154
111.6,116.1,16.41407727065452,0.8033226337145316,0.7932638363533715,0.8033226337145316,0.7353999010094637,0.11686922060168314
111.62,116.12,10.608074720739843,0.5895239293184583,0.666293066425152,0.5895239293184583,0.7285410732332201,0.20122407988742197
111.64,116.14,5.843435515038378,0.3700974049133566,0.5054221402652402,0.3700974049133566,0.5811266284764467,0.23736047574590385
111.66,116.16,2.3422258676467234,0.1652696585878948,0.3244942439903663,0.1652696585878948,0.3252381862423814,0.22548231112513048
111.68,116.18,0.23272562302745484,-0.007690830207445348,0.14502843685273076,-0.007690830207445348,0.01880835549003766,0.18025177396341321
111.7,116.2,-0.38260038558117504,-0.13547153050137137,-0.00621531445074722,-0.13547153050137137,-0.27272241441648437,0.12536120398265108
111.72,116.22,0.5800282615618677,-0.20617059299189222,-0.10092009387217292,-0.20617059299189222,-0.4959759074233011,0.08528485940299418
111.74,116.24,3.114769706368695,-0.2118181698779752,-0.11833757061752441,-0.2118181698779752,-0.624675725772232,0.07684159918458823
111.76,116.26,7.0154619055116365,-0.15538154833855,-0.056214090614181395,-0.15538154833855,-0.6658082627515104,0.1033849864463819
111.78,116.28,11.797975325640563,-0.05424535556454066,0.06468216190541831,-0.05424535556454066,-0.6551947761141957,0.15357697302954287
111.8,116.3,16.718110334376185,0.06299625750800489,0.20534675025977178,0.06299625750800489,-0.6439269924604917,0.20515146915091223
111.82,116.32,20.89765474244721,0.1631249882979212,0.3190701259672172,0.1631249882979212,-0.6799812181839113,0.23244550573030806
111.84,116.34,23.513205162402205,0.21579550361308616,0.36368745043091855,0.21579550361308616,-0.7909741024626536,0.2152743230225861
111.86,116.36,23.97199474274354,0.20073092372759332,0.3128313919950156,0.20073092372759332,-0.9737011221543419,0.1462831880030974
111.88,116.38,22.012064669070465,0.11235458680791903,0.16368217703273458,0.11235458680791903,-1.1937436598335462,0.03439158049506796
111.9,116.4,17.70729058262684,-0.03879602566655595,-0.0606955281803252,-0.03879602566655595,-1.3949702887636104,-0.09680027086736755
111.92,116.42,11.400890177240441,-0.2280895954074345,-0.31682855420269884,-0.2280895954074345,-1.5156490171333272,-0.21522288878475346
111.94,116.44,3.610175341217702,-0.42595897753961987,-0.5563514003372163,-0.42595897753961987,-1.5062074928723659,-0.28939945025261976
111.96,116.46,-5.062659795162965,-0.613441402816355,-0.7460583758088764,-0.613441402816355,-1.3436863916623751,-0.29776444947464914
111.98,116.48,-13.999186328410671,-0.7903893400482461,-0.8780602133414526,-0.7903893400482461,-1.0392787519281181,-0.23551406484019816
112.0,116.5,-22.612952363007526,-0.9652350691875654,-0.962692417806851,-0.9652350691875654,-0.6373881840678254,-0.11687236202828243
112.02,116.52,-30.380033222239778,-1.1360964155789548,-1.0138888489214315,-1.1360964155789548,-0.20667661859291467,0.028105245478130696
112.04,116.54,-36.8529743307116,-1.282262336147289,-1.040664450674217,-1.282262336147289,0.17482946521641696,0.16148525554982276
112.06,116.56,-41.663050986921725,-1.3742660655362493,-1.048322156527881,-1.3742660655362493,0.4374145304907665,0.24796965480182062
112.08,116.58,-44.52401385582711,-1.3946704752300274,-1.0435980088759185,-1.3946704752300274,0.536330381325678,0.2649012049092943
112.1,116.6,-45.25147600334621,-1.350447128906729,-1.0356188470879586,-1.350447128906729,0.4635188857085639,0.20881279164204583
112.12,116.62,-43.79876868664501,-1.264272710984966,-1.0297429846847543,-1.264272710984966,0.25113181543659263,0.09666642795636793
112.14,116.64,-40.29140806827838,-1.1548211699329842,-1.019626815416419,-1.1548211699329842,-0.034810462342702374,-0.03844012606833539
112.16,116.66,-35.03551415761817,-1.0263935371794928,-0.9855345799106839,-1.0263935371794928,-0.3098389761364268,-0.15576972444760007
112.18,116.68,-28.48710725889191,-0.8754368424124911,-0.9023380253429119,-0.8754368424124911,-0.4921358902834817,-0.2173391153658412
112.2,116.7,-21.188724269482098,-0.7043350989958893,-0.7531432349734652,-0.7043350989958893,-0.5240114850761524,-0.19762850584696942
112.22,116.72,-13.693006228245036,-0.5259505653114424,-0.5384100885684086,-0.5259505653114424,-0.38786806316324796,-0.09025601889907173
112.24,116.74,-6.494839988770341,-0.353925406804433,-0.27408156028947733,-0.353925406804433,-0.11159573989424817,0.09019878546049126
112.26,116.76,0.01255350690087562,-0.19401654759096873,0.01504053078835852,-0.19401654759096873,0.23943495448438273,0.3121201571376209
112.28,116.78,5.55218317640038,-0.05009717195916158,0.29765943734175193,-0.05009717195916158,0.58288164047653,0.5359053554613036
112.3,116.8,9.953151511510004,0.0649120897668145,0.5375933653039241,0.0649120897668145,0.8467002770394962,0.7255649216296006
112.32,116.82,13.126654565287602,0.1323175047023596,0.7037608430633175,0.1323175047023596,0.99350751793907,0.8588734359813844
112.34,116.84,15.039473347629416,0.14393914067536784,0.784510688200376,0.14393914067536784,1.0321398000385473,0.9322915573693691
112.36,116.86,15.693467359767396,0.10927989189133436,0.7913496366774364,0.10927989189133436,1.0111364797758682,0.9589417635600648
112.38,116.88,15.117844007422853,0.04532295316820434,0.7483970453763661,0.04532295316820434,0.9965207119766837,0.9607921582807193
112.4,116.9,13.382742589254828,-0.03480436564928957,0.6791213419711344,-0.03480436564928957,1.0431728412491545,0.9584795034117762
112.42,116.92,10.643818044482781,-0.12266401896639811,0.5995918592203876,-0.12266401896639811,1.171832994003188,0.9629395718468924
112.44,116.94,7.218116601342636,-0.20900830250343105,0.518633877855836,-0.20900830250343105,1.3610518931476334,0.9719575169623517
112.46,116.96,3.6667327488190717,-0.278658695324388,0.4426187176371265,-0.278658695324388,1.5566958042809176,0.9724317269846204
112.48,116.98,0.8310246499251417,-0.3089663286298099,0.38205034349870437,-0.3089663286298099,1.6941149769800752,0.9467630421340673
112.5,117.0,-0.2397633542119595,-0.27349735790978813,0.3551567880589391,-0.27349735790978813,1.7230569946729124,0.8804585885448726
112.52,117.02,1.496790914954888,-0.1496557457537036,0.38466477001898264,-0.1496557457537036,1.624882426723548,0.7680708205783936
112.54,117.04,6.747909795872626,0.07484349897196618,0.489480732654656,0.07484349897196618,1.415758980261674,0.6155859729728421
112.56,117.06,15.543656627192522,0.39866383582498693,0.6761014452761496,0.39866383582498693,1.1362387857239267,0.43880633883900355
112.58,117.08,27.024777641451628,0.8022150928078987,0.9319539339461267,0.8022150928078987,0.8335134138359354,0.25864223340384673
112.6,117.1,39.48563437163807,1.2409321397145887,1.2219196688992515,1.2409321397145887,0.5447857276921191,0.09508137743073448
112.62,117.12,50.71021094890791,1.645964578145617,1.491897374470817,1.645964578145617,0.2880510326927525,-0.038256730533103994
112.64,117.14,58.51503918755103,1.9407722629667905,1.6817009989320024,1.9407722629667905,0.06211930101611177,-0.13746793805081045
112.66,117.16,61.31477096024591,2.0672283757679946,1.7426814534807284,2.0672283757679946,-0.14620775376683004,-0.2087370139846561
112.68,117.18,58.510242415262454,2.004279862415735,1.6514081030182854,2.004279862415735,-0.3516248995676847,-0.26559006867416485
112.7,117.2,50.57418947232433,1.7693458507531217,1.4140973791997007,1.7693458507531217,-0.5602132946737386,-0.3236901411720675
112.72,117.22,38.83190764016591,1.4071785320935564,1.0627130240108815,1.4071785320935564,-0.7628211258647416,-0.3946869422093962
112.74,117.24,25.041469462921548,0.9762184117506483,0.6465845385232732,0.9762184117506483,-0.9342731519310061,-0.48118660797869983
112.76,117.26,10.930740502382383,0.5370504194351167,0.22167257494022174,0.5370504194351167,-1.0393552319322303,-0.5747597210373728
112.78,117.28,-2.1624019327066564,0.14101883626640893,-0.16255869046333105,0.14101883626640893,-1.0442740556399577,-0.6580059982724964
112.8,117.3,-13.460249445725065,-0.18208894307719187,-0.4761088468124783,-0.18208894307719187,-0.9300278603073434,-0.7103499048485263
112.82,117.32,-22.718623841176775,-0.43083784891801225,-0.7138446743217064,-0.43083784891801225,-0.7029530275005849,-0.7158265480712989
112.84,117.34,-30.060130818005124,-0.6249417067896014,-0.8884293216404444,-0.6249417067896014,-0.3982180024209273,-0.6700623433295133
112.86,117.36,-35.751019486624166,-0.7865136017113616,-1.0160413453066968,-0.7865136017113616,-0.07418060953376493,-0.5835212402309403
112.88,117.38,-39.99652484990387,-0.9232619405629561,-1.105569996224766,-0.9232619405629561,0.20135477544015024,-0.47925695136696955
112.9,117.4,-42.8025717494595,-1.0243363593856991,-1.1569437012793726,-1.0243363593856991,0.36898828284051044,-0.38561061822607406
112.92,117.42,-43.92506209248669,-1.0682191587117986,-1.1656283469711932,-1.0682191587117986,0.3940141450799983,-0.3265541285022548
112.94,117.44,-42.90983248918266,-1.0337106641771476,-1.1259204143867263,-1.0337106641771476,0.27574384957270154,-0.313552531471542
112.96,117.46,-39.21458833964007,-0.905567249017352,-1.0293381183795307,-0.905567249017352,0.04670081917027276,-0.34223482079008055
112.98,117.48,-32.39239329333323,-0.6753555051906548,-0.8627205658558397,-0.6753555051906548,-0.23797600435584465,-0.3950609592398865
113.0,117.5,-22.300659545133154,-0.34489547481590077,-0.6132391034408254,-0.34489547481590077,-0.5172039917422748,-0.4486041750130865
113.02,117.52,-9.283059523240164,0.0659463412847604,-0.28037316989621,0.0659463412847604,-0.7411247881362555,-0.48227552655502076
113.04,117.54,5.73598275859239,0.516132160423038,0.11406827193450977,0.516132160423038,-0.8834181536258101,-0.485072951469348
113.06,117.56,21.293863053513217,0.9526654465514874,0.5269055992513001,0.9526654465514874,-0.9453186373637222,-0.45816315025017956
113.08,117.58,35.586610901901274,1.325292240057848,0.9045101124576428,1.325292240057848,-0.9506161011000139,-0.4129700364406394
113.1,117.6,46.7878818831979,1.5938603345390638,1.1949130264863335,1.5938603345390638,-0.9336465295001091,-0.36598585879573203
113.12,117.62,53.40698867370897,1.727492112141876,1.3560817970513104,1.727492112141876,-0.9243537315929433,-0.3322990208460177
113.14,117.64,54.57510293570134,1.7048064542178862,1.3621096912638146,1.7048064542178862,-0.9354403056278388,-0.3199387742875859
113.16,117.66,50.167622606157494,1.5195214785852111,1.2088837727476085,1.5195214785852111,-0.9561232132374932,-0.3267643857988779
113.18,117.68,40.735653770251496,1.186901441521994,0.9168741143603714,1.186901441521994,-0.9550065617643382,-0.34087030762725273
113.2,117.7,27.298640588859406,0.7441077839282062,0.5272941082489653,0.7441077839282062,-0.8915026292673097,-0.3444541488219371
113.22,117.72,11.099497059843241,0.24041649539112153,0.09027055939401546,0.24041649539112153,-0.7320975708220613,-0.31999786886675846
113.24,117.74,-6.582562719588068,-0.2793301963978435,-0.35039493133905364,-0.2793301963978435,-0.4657814985778549,-0.25672280744042103
113.26,117.76,-24.51925213402925,-0.7853459903451883,-0.7657471502707551,-0.7853459903451883,-0.1129051510465192,-0.15499149481173286
113.28,117.78,-41.54250350713358,-1.2568385242421418,-1.1371946352902,-1.2568385242421418,0.2763076525540717,-0.026970852114137037
113.3,117.8,-56.535769679355525,-1.666202674270282,-1.4457495542583316,-1.666202674270282,0.633856434677763,0.10671389096914402
113.32,117.82,-68.46233131851439,-1.9744329285336224,-1.669335568354324,-1.9744329285336224,0.8930171995412145,0.22311629706923092
113.34,117.84,-76.4479293476318,-2.148910357654708,-1.7935061433440154,-2.148910357654708,1.0079522288343181,0.30381493712077046
113.36,117.86,-79.89150343952167,-2.1865600437059856,-1.8226201960667776,-2.1865600437059856,0.9671439877989315,0.34033625562762554
113.38,117.88,-78.55555078556027,-2.11345036776188,-1.7746427974104548,-2.11345036776188,0.7961387614799764,0.33655258338127475
113.4,117.9,-72.59759355820509,-1.95907584832971,-1.6628850022346207,-1.95907584832971,0.5488535962689911,0.30732089895439096
113.42,117.92,-62.5348497730978,-1.7337396381200196,-1.484516324494342,-1.7337396381200196,0.2905288621184107,0.27370033164440866
113.44,117.94,-49.16209027418025,-1.4297020010723935,-1.2266570834548085,-1.4297020010723935,0.078021903362962,0.2561656520368436
113.46,117.96,-33.4514051540283,-1.0397481361787526,-0.8827704154669254,-1.0397481361787526,-0.05619920216712598,0.2679426276593139
113.48,117.98,-16.453704875818854,-0.5742288107243003,-0.465128662863206,-0.5742288107243003,-0.11144055214527772,0.3105472841082584
113.5,118.0,0.7893979236892783,-0.06524310391535885,-0.00559715757197661,-0.06524310391535885,-0.11564944324572368,0.3727982774559555
113.52,118.02,17.315720858368596,0.43960205568064836,0.4521801333512088,0.43960205568064836,-0.11326790568379418,0.4334871722122872
113.54,118.04,32.28191053836651,0.8880147489768888,0.8624565652169548,0.8880147489768888,-0.1480545854172237,0.46707506384283143
113.56,118.06,44.961530514848874,1.2367007309479103,1.1857468308278445,1.2367007309479103,-0.2459720901602123,0.4512269030409543
113.58,118.08,54.70652310241279,1.4631348696331758,1.394707220383849,1.4631348696331758,-0.4033214298501291,0.3743799416235997
113.6,118.1,60.898733099180205,1.5659123455385202,1.476484580658775,1.5659123455385202,-0.5843566541036794,0.241001075266994
113.62,118.12,62.93511548653314,1.5539335751754213,1.4332103201000428,1.5539335751754213,-0.7301457157838172,0.07233963105244069
113.64,118.14,60.28882457858927,1.438184954804304,1.2830366859793685,1.438184954804304,-0.776709909249285,-0.09830237353992015
113.66,118.16,52.66002169785866,1.2338453226436508,1.058209450637802,1.2338453226436508,-0.6769498952492663,-0.234813465530409
113.68,118.18,40.182298931817705,0.9633847585335966,0.7943661107194839,0.9633847585335966,-0.41913736816209507,-0.3091888397239769
113.7,118.2,23.607360680181692,0.6507718887679961,0.5158330501978168,0.6507718887679961,-0.03545514207783961,-0.31032717726535486
113.72,118.22,4.377961476599403,0.31317490041540896,0.2308022947037977,0.31317490041540896,0.4030648373066121,-0.24740334683749488
113.74,118.24,-15.473050821806384,-0.03690731818549949,-0.058453600317239174,-0.03690731818549949,0.8045999789568937,-0.14637467864154055
113.76,118.26,-33.60283072066531,-0.3800098257943627,-0.3410643054708761,-0.3800098257943627,1.0824962638208997,-0.04076070831556192
113.78,118.28,-47.76052689002297,-0.6845304186397758,-0.5939132785764552,-0.6845304186397758,1.1807942656355064,0.03987437105936785
113.8,118.3,-56.208979824911026,-0.9172392056106963,-0.7914575670479371,-0.9172392056106963,1.090468100174748,0.07934143126674921
113.82,118.32,-58.052688157275654,-1.0557813209083688,-0.9146236886754082,-1.0557813209083688,0.8504372998203513,0.07868180997861779
113.84,118.34,-53.38573873776807,-1.087067337830677,-0.9482132956317857,-1.087067337830677,0.5329750780659163,0.05345566003617431
113.86,118.36,-43.2278799630185,-0.99996826609367,-0.8766151584433595,-0.99996826609367,0.2190292167218615,0.0262184507473076
113.88,118.38,-29.275640591629745,-0.7899628891418062,-0.6909728194819134,-0.7899628891418062,-0.027499004406554627,0.017607468745984605
113.9,118.4,-13.537238701492923,-0.47377868824431374,-0.4037051966788191,-0.47377868824431374,-0.17770008027485604,0.03936376607498211
113.92,118.42,2.061555610361252,-0.09592983542001146,-0.054678701431854465,-0.09592983542001146,-0.242413972144444,0.09113889442147738
113.94,118.44,16.01321821367061,0.28166819240083096,0.29835872498260585,0.28166819240083096,-0.26319064653809315,0.16118746288245864
113.96,118.46,27.43235207684049,0.5982032635918694,0.597579714327718,0.5982032635918694,-0.29322363755421604,0.23000594222326437
113.98,118.48,36.08296254592458,0.8105330491866436,0.8010379508692027,0.8105330491866436,-0.374843918724859,0.2757197088695062
