time_s,ref_bpm,fft_bpm,final_bpm,is_motion,used_adaptive
9.5,65.0,63.3544921875,63.3544921875,0.0,0.0
10.5,65.0,64.0869140625,64.0869140625,0.0,0.0
11.5,65.0,64.8193359375,64.8193359375,0.0,0.0
12.5,65.02912408014147,65.19970703125,65.19970703125,0.0,0.0
13.5,65.52912408014147,64.8193359375,64.8193359375,0.0,0.0
14.5,65.92920643813562,64.8193359375,64.8193359375,0.0,0.0
15.5,65.42920643813562,64.8193359375,64.8193359375,0.0,0.0
16.5,64.88757757247996,64.8193359375,64.8193359375,0.0,0.0
17.5,64.38757757247996,64.42480468750001,64.42480468750001,0.0,0.0
18.5,64.0,64.42480468750001,64.42480468750001,0.0,0.0
19.5,64.11591462948948,64.42480468750001,64.42480468750001,0.0,0.0
20.5,64.57897674806118,64.42480468750001,64.42480468750001,0.0,0.0
21.5,65.42849221624162,64.42480468750001,64.42480468750001,0.0,0.0
22.5,65.96543009766992,66.2841796875,66.2841796875,0.0,0.0
23.5,66.5,66.2841796875,66.2841796875,0.0,0.0
24.5,67.0,66.2841796875,66.2841796875,0.0,0.0
25.5,67.0,66.2841796875,66.2841796875,0.0,0.0
26.5,67.0,66.2841796875,66.2841796875,0.0,0.0
27.5,67.0,66.2841796875,66.2841796875,0.0,0.0
28.5,66.88838929346959,66.2841796875,66.2841796875,0.0,0.0
29.5,66.65462866713429,66.2841796875,66.2841796875,0.0,0.0
30.5,67.26623937366472,66.2841796875,66.2841796875,0.0,0.0
31.5,68.0,68.2841796875,68.2841796875,0.0,0.0
32.5,68.0,69.580078125,69.580078125,0.0,0.0
33.5,68.46543277365612,69.580078125,69.580078125,0.0,0.0
34.5,68.96543277365612,69.580078125,69.580078125,0.0,0.0
35.5,69.0,69.580078125,69.580078125,0.0,0.0
36.5,69.0,69.580078125,69.580078125,0.0,0.0
37.5,69.0,68.4814453125,68.4814453125,0.0,0.0
38.5,69.0,68.4814453125,68.4814453125,0.0,0.0
39.5,69.0,68.4814453125,68.4814453125,0.0,0.0
40.5,69.0,68.4814453125,68.4814453125,0.0,0.0
41.5,69.0,68.4814453125,68.4814453125,0.0,0.0
42.5,69.0,68.84765625,68.84765625,0.0,0.0
43.5,69.0,68.84765625,68.84765625,0.0,0.0
44.5,69.0,68.84765625,68.84765625,0.0,0.0
45.5,69.0,68.84765625,68.84765625,0.0,0.0
46.5,69.0,68.84765625,68.84765625,0.0,0.0
47.5,69.0,68.84765625,68.84765625,0.0,0.0
48.5,69.0,68.84765625,68.84765625,0.0,0.0
49.5,68.950652196305,68.84765625,68.84765625,0.0,0.0
50.5,68.450652196305,69.2138671875,69.2138671875,0.0,0.0
51.5,68.04533309439356,69.2138671875,69.2138671875,0.0,0.0
52.5,68.35113834144877,69.2138671875,69.2138671875,0.0,0.0
53.5,68.93840207339292,69.2138671875,69.2138671875,0.0,0.0
54.5,69.63259682633768,71.2138671875,71.2138671875,0.0,0.0
55.5,70.0,73.974609375,73.974609375,0.0,0.0
56.5,70.38988004551928,73.974609375,73.974609375,0.0,0.0
57.5,71.35532292370148,73.974609375,73.974609375,0.0,0.0
58.5,72.45175174718071,73.974609375,73.974609375,0.0,0.0
59.5,72.9863088689985,73.974609375,73.974609375,0.0,0.0
60.5,72.97167966916146,73.974609375,73.974609375,0.0,0.0
61.5,72.42191007145331,71.77734375,71.77734375,0.0,0.0
62.5,71.45023040229187,69.9462890625,69.9462890625,0.0,0.0
63.5,71.0,67.3828125,67.3828125,0.0,0.0
64.5,70.88830805224295,67.3828125,67.3828125,1.0,0.0
65.5,70.38830805224295,67.3828125,67.3828125,1.0,0.0
66.5,70.61394687738718,67.3828125,67.3828125,1.0,0.0
67.5,72.73041301793137,67.3828125,71.2841796875,1.0,1.0
68.5,74.5796433452625,69.3828125,71.4111328125,1.0,1.0
69.5,76.35965177802358,69.3828125,76.4111328125,1.0,1.0
70.5,79.35612753563134,69.3828125,81.41113281249999,1.0,1.0
71.5,81.46716993790646,69.3828125,86.41113281249999,1.0,1.0
72.5,84.09266844709848,69.3828125,94.482421875,1.0,1.0
73.5,87.68492906915688,67.3828125,96.3134765625,1.0,1.0
74.5,90.37849650066278,65.3828125,96.6796875,1.0,1.0
75.5,93.55020467153086,63.382812499999986,96.6796875,1.0,1.0
76.5,96.9943032979287,61.38281249999998,98.14453125,1.0,1.0
77.5,99.48786688744491,58.59375,100.341796875,1.0,1.0
78.5,101.41805022886732,57.12890625,102.1728515625,1.0,1.0
79.5,102.8851333081131,57.12890625,102.1728515625,1.0,1.0
80.5,104.15975109938985,56.396484375,102.1728515625,1.0,1.0
81.5,105.39422713685877,55.2978515625,102.1728515625,1.0,1.0
82.5,106.45402776859126,55.2978515625,109.130859375,1.0,1.0
83.5,107.99221223291394,55.2978515625,109.130859375,1.0,1.0
84.5,109.35679966111934,55.2978515625,109.130859375,1.0,1.0
85.5,109.90071936161667,55.2978515625,109.130859375,1.0,1.0
86.5,110.54871263955783,54.19921875,109.86328125,1.0,1.0
87.5,111.09068806097586,53.8330078125,109.86328125,1.0,1.0
88.5,111.70218646054283,53.8330078125,109.86328125,1.0,1.0
89.5,112.74441381660239,53.1005859375,116.0888671875,1.0,1.0
90.5,113.940323378848,52.734375,116.0888671875,1.0,1.0
91.5,115.42329646394191,52.734375,116.455078125,1.0,1.0
92.5,116.57902719941329,52.3681640625,116.8212890625,1.0,1.0
93.5,118.35962491127745,52.3681640625,117.5537109375,1.0,1.0
94.5,120.87021644596959,52.3681640625,117.5537109375,1.0,1.0
95.5,122.98192606716752,52.3681640625,119.7509765625,1.0,1.0
96.5,124.5643126118695,52.3681640625,119.7509765625,1.0,1.0
97.5,126.10592192200568,52.3681640625,126.708984375,1.0,1.0
98.5,127.7593695302707,53.466796875,126.708984375,1.0,1.0
99.5,129.89261889687646,55.2978515625,127.8076171875,1.0,1.0
100.5,132.2948216724408,55.6640625,129.2724609375,1.0,1.0
101.5,133.81006627900095,56.0302734375,130.37109375,1.0,1.0
102.5,135.17779859821405,56.396484375,132.9345703125,1.0,1.0
103.5,137.09529721590513,56.396484375,135.8642578125,1.0,1.0
104.5,138.57891296570932,57.861328125,136.962890625,1.0,1.0
105.5,139.8941918833611,57.861328125,140.2587890625,1.0,1.0
106.5,141.41846852413184,58.59375,140.625,1.0,1.0
107.5,142.48739187029548,58.59375,140.625,1.0,1.0
108.5,143.0,58.59375,140.625,1.0,1.0
109.5,143.0,58.59375,140.625,1.0,1.0
110.5,143.0,58.59375,141.7236328125,1.0,1.0
111.5,142.90875332477657,58.2275390625,141.7236328125,1.0,1.0
112.5,142.40875332477657,57.861328125,141.7236328125,1.0,1.0
113.5,141.8673803667088,57.861328125,141.7236328125,1.0,1.0
114.5,141.3673803667088,58.2275390625,141.7236328125,1.0,1.0
115.5,141.0,58.2275390625,141.7236328125,1.0,1.0
116.5,141.0,58.2275390625,141.357421875,1.0,1.0
117.5,141.0,58.2275390625,141.357421875,1.0,1.0
118.5,141.0,58.2275390625,141.357421875,1.0,1.0
119.5,141.0,58.9599609375,141.357421875,1.0,1.0
120.5,141.0,59.326171875,141.357421875,1.0,1.0
121.5,141.5489094204408,59.326171875,141.7236328125,1.0,1.0
122.5,142.61868876612976,59.326171875,141.7236328125,1.0,1.0
123.5,143.6608482021968,59.6923828125,143.5546875,1.0,1.0
124.5,144.59106885650783,60.05859375,143.5546875,1.0,1.0
125.5,145.1323415026776,60.05859375,143.9208984375,1.0,1.0
126.5,145.6323415026776,60.4248046875,144.287109375,1.0,1.0
127.5,146.0,60.4248046875,145.01953125,1.0,1.0
128.5,146.0,60.4248046875,145.01953125,1.0,1.0
129.5,145.76711155039095,60.791015625,145.01953125,1.0,1.0
130.5,145.27371186310864,62.79101562500001,145.01953125,1.0,1.0
131.5,143.48184158993809,64.79101562500001,145.01953125,1.0,1.0
132.5,140.4471003607224,66.79101562500001,144.287109375,1.0,1.0
133.5,138.37200410391307,68.79101562500003,143.5546875,1.0,1.0
134.5,136.83002672463624,70.79101562500003,139.5263671875,1.0,1.0
135.5,135.42988170422518,72.79101562500004,136.962890625,1.0,1.0
136.5,135.0,74.79101562500004,135.498046875,1.0,1.0
137.5,134.86765074977842,76.79101562500006,135.1318359375,1.0,1.0
138.5,134.21455206800073,78.79101562500006,134.765625,1.0,1.0
139.5,133.17297201577077,80.79101562500006,134.033203125,1.0,1.0
140.5,131.5435545320641,82.79101562500007,132.568359375,1.0,1.0
141.5,129.28527675945813,84.79101562500007,130.0048828125,1.0,1.0
142.5,127.09271753883314,86.79101562500009,127.0751953125,1.0,1.0
143.5,124.51664613948336,88.79101562500009,125.6103515625,1.0,1.0
144.5,122.43555907271593,90.7910156250001,123.4130859375,1.0,1.0
145.5,120.8458923402154,92.7910156250001,121.9482421875,1.0,1.0
146.5,118.97224931015039,94.7910156250001,119.7509765625,1.0,1.0
147.5,118.47959997245775,96.79101562500011,118.2861328125,1.0,1.0
148.5,118.35371427738171,98.79101562500011,117.919921875,1.0,1.0
149.5,117.62819473799894,100.79101562500013,117.919921875,1.0,1.0
150.5,115.87765607335348,102.79101562500013,116.8212890625,1.0,1.0
151.5,113.5774930982338,104.79101562500014,115.3564453125,1.0,1.0
152.5,112.42022269506305,106.79101562500014,113.1591796875,1.0,1.0
153.5,112.03649975416599,108.79101562500014,111.328125,1.0,1.0
154.5,112.0,110.595703125,110.9619140625,1.0,1.0
155.5,111.99257513203412,110.595703125,110.595703125,1.0,1.0
156.5,111.46397935788421,110.595703125,110.595703125,1.0,0.0
157.5,110.42149995673094,110.595703125,110.595703125,1.0,0.0
158.5,109.38017984853282,110.595703125,110.595703125,1.0,0.0
159.5,108.33862672938403,109.130859375,109.130859375,1.0,0.0
160.5,107.29698048519839,107.2998046875,107.2998046875,1.0,0.0
161.5,106.25536680980133,105.46875,105.46875,1.0,0.0
162.5,105.36692893633499,104.736328125,104.736328125,1.0,0.0
163.5,104.88379817770345,104.3701171875,104.3701171875,1.0,0.0
164.5,104.41996252507309,104.3701171875,104.3701171875,1.0,0.0
165.5,104.03616434736963,104.3701171875,104.3701171875,1.0,0.0
166.5,104.0,104.00390625,104.00390625,1.0,0.0
167.5,102.49268366781263,103.271484375,103.271484375,1.0,0.0
168.5,100.46343523976134,101.806640625,101.806640625,1.0,0.0
169.5,99.42068852733937,99.806640625,99.806640625,1.0,0.0
170.5,97.87943279276601,97.80664062499999,97.80664062499999,1.0,0.0
171.5,96.33894354889148,95.80664062499999,95.80664062499999,1.0,0.0
172.5,95.40944771151612,95.80664062499999,95.80664062499999,1.0,0.0
173.5,95.13305322274891,95.80664062499999,95.80664062499999,1.0,0.0
174.5,95.63305322274891,94.8486328125,94.8486328125,1.0,0.0
175.5,96.0,94.482421875,94.482421875,1.0,0.0
176.5,96.0,93.75,93.75,1.0,0.0
177.5,96.0,93.017578125,93.017578125,1.0,0.0
178.5,95.027120094798,93.017578125,93.017578125,1.0,0.0
179.5,93.77336822348688,92.6513671875,92.6513671875,1.0,0.0
180.5,92.71792463933747,91.1865234375,91.1865234375,0.0,0.0
181.5,91.42267744914234,90.4541015625,90.4541015625,0.0,0.0
182.5,90.45100093849376,90.4541015625,90.4541015625,1.0,0.0
183.5,90.0,90.4541015625,90.4541015625,1.0,0.0
184.5,90.0,90.087890625,90.087890625,1.0,0.0
185.5,90.13310820743416,89.35546875,89.35546875,1.0,0.0
186.5,90.55599356195495,88.623046875,88.623046875,1.0,0.0
187.5,90.5854057085547,88.087890625,88.087890625,1.0,0.0
188.5,89.40208364724133,88.087890625,88.087890625,1.0,0.0
189.5,87.78534653273012,88.087890625,88.087890625,1.0,0.0
190.5,87.0457832395227,86.08789062499999,86.08789062499999,0.0,0.0
191.5,87.0,85.693359375,85.693359375,0.0,0.0
192.5,87.0,85.3271484375,85.3271484375,0.0,0.0
193.5,86.90177268812748,84.228515625,84.228515625,0.0,0.0
194.5,85.83190865907974,84.08789062499999,84.08789062499999,0.0,0.0
195.5,84.43013597095228,83.8623046875,83.8623046875,0.0,0.0
196.5,84.0,83.8623046875,83.8623046875,0.0,0.0
197.5,84.0,84.228515625,84.228515625,0.0,0.0
198.5,84.15404803091931,82.9326171875,82.9326171875,0.0,0.0
199.5,84.53788681519418,82.5947265625,82.5947265625,0.0,0.0
200.5,84.4199301027594,82.228515625,82.228515625,0.0,0.0
201.5,84.03609131848452,80.9326171875,80.9326171875,0.0,0.0
202.5,83.51305097818496,80.9326171875,80.9326171875,0.0,0.0
203.5,81.99733468112478,80.59472656249999,80.59472656249999,0.0,0.0
204.5,79.98428370293982,78.59472656249999,78.59472656249999,0.0,0.0
205.5,79.0,78.59472656249999,78.59472656249999,0.0,0.0
206.5,79.07005054237419,78.59472656249999,78.59472656249999,0.0,0.0
207.5,79.57005054237419,78.59472656249999,78.59472656249999,0.0,0.0
208.5,80.0,78.56640625,78.56640625,0.0,0.0
209.5,80.0,78.5380859375,78.5380859375,0.0,0.0
210.5,79.84583009172749,78.5380859375,78.5380859375,0.0,0.0
211.5,79.22982501694598,78.5380859375,78.5380859375,0.0,0.0
212.5,78.4207825774168,78.5380859375,78.5380859375,0.0,0.0
213.5,77.72636803137642,77.60839843750001,77.60839843750001,0.0,0.0
214.5,77.03195348533605,77.08740234375,77.08740234375,0.0,0.0
215.5,76.33753893929567,76.56640624999999,76.56640624999999,0.0,0.0
216.5,75.64312439325529,76.08740234375,76.08740234375,0.0,0.0
217.5,74.94870984721491,75.6083984375,75.6083984375,0.0,0.0
