profile_id,record_id,scene,stability_pass,spectral_gate_pass,valid_window_count,invalid_window_count,prominence_db_delta_median,visible_top3_rate_delta,hr_band_share_delta_median,pulse_power_retention_median,residual_artifact_corr_delta_median,complete_window_evidence_pass,hr_band_share_delta_pass,prominence_db_delta_pass,pulse_power_retention_pass,residual_artifact_corr_delta_pass,visible_top3_rate_delta_pass,identity_sha256,result_sha256
p25-short-low,jianpan1_LYX_0708,jianpan,True,False,165,0,-0.25527488361090356,-0.006060606060606061,-0.020509723155374693,0.9723134216327222,-0.019211655279927575,True,False,True,True,True,True,1ec11b827ccbc4647ee3e88845412144c3c225a17483e2719e571c92c0ddfeaa,adaf8332bc5c1fa72a9bb4d0400f8f05afb46c63e9c6f021ce320b309bdde44d
p25-short-low,jianpan2_LYX_0708,jianpan,True,True,166,0,-0.1361573702567691,0.018072289156626505,-0.013864570074781424,0.9819089564271699,-0.013367570271381631,True,True,True,True,True,True,b1b7e325a41fcf35b2ca24318e9dd4d9f3e6a77887bcaf62c8a74984f0cfbe88,5a11b647fa90bf7bca7b385bad581380b447b014c64da6cc9cff0c8967b32a96
p25-short-low,jianpan3_LYX_0708,jianpan,True,True,172,0,0.03897983644515235,-0.005813953488372093,-0.010242740034442033,0.9820495153264253,-0.08002745308367357,True,True,True,True,True,True,ff611d06136bfcf0b24fcf72d35420869fc8c427758013307915005333dd8340,39ec5c4d5b0d6c0650306c380480a3a2ea44de087e2d5dd2453b2aaf5be71ebb
p25-short-low,kaihe1_LYX_0613,kaihe,True,True,199,0,0.06252514748462978,0.0,-0.002427823974520016,1.004595221858626,0.00010648288517378646,True,True,True,True,True,True,a5ab9a25f9c2d031dde671f4fb97a416e9aa6351cc5bfe49f54177268bd6730b,4fda4b181ac68f7f34efc7bdf58438c4c66f279508b38fe5551bfa8ac1eeeca9
p25-short-low,kaihe1_LYX_0617,kaihe,True,True,201,0,0.10758005918454927,0.009950248756218905,-0.011689839906346422,0.9889799068503974,-0.038381875705882404,True,True,True,True,True,True,bbb0b8017cf719ed356bc7d1377f33564db1d3eef9131b4911d82b4503d53320,1644b4334c20478d40dc4282c4b9b05c3e7e3bdbfbbc71de2de0d96ec07b50bd
p25-short-low,kaihe3_LYX_0613,kaihe,True,True,201,0,0.297852645571854,0.03482587064676617,-0.004009475009586483,0.9972569667965264,-0.06584536754533316,True,True,True,True,True,True,4e7d592405b1c9791e49510ff8f9db0fc85d4e1b4138c06f5058dc5f6c36431b,7d4a857721776bdf45b0a6992bd1d829e99ef0600e4bd345716c7af3ffb8bc21
p25-short-low,run1_LYX_0708,run,True,True,226,0,0.011645158726572014,0.01327433628318584,-0.002034286114771102,0.9920934417314483,-0.00014587639141025455,True,True,True,True,True,True,7069a469df33236085ad6f1ff61b9302eee1bad635975bf956e7efa5e918c66a,e5dec21fcf6fbd88274c8e24516a406439da5745d1dd2bbaae07ef1d7603b17d
p25-short-low,run2_LYX_0708,run,True,True,228,0,0.1368233967362955,0.0,0.008558884204525424,1.0299387967520661,-0.022603587046749585,True,True,True,True,True,True,4b22afc0113e457c7ec1915a1b977f73e914d3a1796ff4ba318b1eca70432f40,9cc0095686421c2075c2099cd4c7bbb575c641803482141206c900f260c8252a
p25-short-low,run3_LYX_0708,run,True,True,316,0,-0.05486802060222873,-0.006329113924050633,-0.004990505111883703,0.999813402240818,-0.016077981698610855,True,True,True,True,True,True,337eeaf47c1b8a5fc96e27e51ed56a383d6d17825b8e5e1df4ce07a8b47ebade,d57c3f533d785ec43405990ca7fefbca896e8ccf10793bf3caab9d002f530d33
p25-short-low,xiezi2_LYX_0708,xiezi,True,False,164,0,-0.1713532914726308,0.012195121951219513,-0.02420185865899971,0.9596464729648138,-0.0004045972976914336,True,False,True,True,True,True,f5c4153ac99ab50aba33b28ff077c11c95ff25b58ca51ae8b2d7d2f1e973fa5d,e5605c430dd01304875d1cbe651322feb87162e0f9391a35fd411ae5b2209b05
p25-short-low,xiezi3_LYX_0708,xiezi,True,True,166,0,-0.18403656464664042,0.012048192771084338,-0.017392694165362876,0.9813716136001589,0.00290467230444922,True,True,True,True,True,True,fe55858d232b9b22f5c5c42c73bb896cb0615d806e64282267b7b9b954882b50,e8272dd145868f830f84083e6aefed885a2c72891714b68e02104e0f2fd0f1a6
p25-short-low,xiezi4_LYX_0708,xiezi,True,True,165,0,-0.039410397973091094,-0.01818181818181818,-0.01435543293412822,0.9779716511190124,-0.02016064326182969,True,True,True,True,True,True,9ec0232366e8e20f59f3a47e042f8e2386089f71982cdc2e9c842530792fc9f3,35e0179adbf23d1452a9340c91a9e91b06c497d184dffe399e0314cbb013647b
p25-short-mid,jianpan1_LYX_0708,jianpan,True,False,165,0,-0.5032064186521481,-0.006060606060606061,-0.04085981977487413,0.9327040340285824,-0.01817768341375138,True,False,False,True,True,True,00f839b4ffbdbb983f26e21b6d06f1ab230493f3791486a232a94ad426931554,0324d7c0bd669d697595441885c364b4d9763187b0cdbaec4c1a70e0e4f943b8
p25-short-mid,jianpan2_LYX_0708,jianpan,True,False,166,0,-0.2986022867929621,0.018072289156626505,-0.03179117133336684,0.9488708223377813,-0.015144535843939686,True,False,True,True,True,True,f415fdfeabc61ebf6d6f55c12a4f04bc86b7e8917736e83af5d586371e3cf788,d2c13eaec17df7f72b4b48af9b5eb8b802d46f23ffc21acb9509ae71120de9ef
p25-short-mid,jianpan3_LYX_0708,jianpan,True,False,172,0,-0.02446064193828812,-0.011627906976744186,-0.0345736634973276,0.956108094376775,-0.10790420159688839,True,False,True,True,True,True,cd86e5c82fedfdd654b893101fe79f0c772eca72258ec0ede2edb9a70b11ebe4,e45ddd8bdbb7d66df99f17a869d483fe963c48bf2e167dd6a14f61004f8490e9
p25-short-mid,kaihe1_LYX_0613,kaihe,True,True,199,0,0.06902914892381418,0.010050251256281407,-0.0060856453098353525,0.9973582865395529,-0.00011584028208307118,True,True,True,True,True,True,4938be61fbaaeb908ac09177738ec117506aa6f6b37fb6b4d80d93de5c723ad7,fb3b853af3d202d3808e91155aef5338565625f6b4d559cab0008b9c44dcd126
p25-short-mid,kaihe1_LYX_0617,kaihe,True,False,201,0,0.14164843276270211,0.004975124378109453,-0.021568599364896412,0.9685642372483301,-0.034801820827785296,True,False,True,True,True,True,e4bab62eea87cbb38e8bc6ecd2b1a43546edd46b0dd1f50cb7b0d1d9283df5c3,51a4123d31a0192ec4894f4831d6863eefa685f6614be03d1cfff9c23ac5d4a8
p25-short-mid,kaihe3_LYX_0613,kaihe,True,True,201,0,0.5838623029378578,-0.024875621890547265,-0.006027873631997804,0.9862235590941869,-0.08174505700815288,True,True,True,True,True,True,81ec21690d56651c0291884f343d29c8dd6ccf03ef647795b8d4eb416349901b,7decc18a5e2be5dcf0910f8b2c9cbfef0493f24a81aeb2faa3f6212309e21f64
p25-short-mid,run1_LYX_0708,run,True,True,226,0,-0.05901559070217732,0.008849557522123894,-0.003592765145186236,0.975545346840234,-0.00021526707111113597,True,True,True,True,True,True,2fa69f82bf9e257f123028ae4e16d6cefe2ccaf20b6f3b4e2ae326f106f8e4ad,cdd4d28bd183c05ebf27c9716b5ab2d2fa5d6fb02fcef60f97e9cb8ff119ad25
p25-short-mid,run2_LYX_0708,run,True,True,228,0,0.13404772476118343,0.0043859649122807015,0.0074136106238112676,1.0203767865993645,-0.033230603923298796,True,True,True,True,True,True,548837fcff619c927e098193c743a45a014e7700c320ff3f0b176e145691e9d5,7937c6f1ce86348ec65b264752b317e1028c363f4392d5dd9b6a6436bd3433a6
p25-short-mid,run3_LYX_0708,run,True,True,316,0,-0.11530221322909995,-0.0031645569620253164,-0.013730396096445274,0.9815110686196937,-0.013735041908632204,True,True,True,True,True,True,deca4aa492edd8c526ac3b0aa4c5b3dfc87c1eea3d129215794766f2ca81c77c,5b62c482a63b4841d98555c8391b5a5062c8e9c31a7366e04a9435be1d29be3b
p25-short-mid,xiezi2_LYX_0708,xiezi,True,False,164,0,-0.3510841905473654,0.006097560975609756,-0.046455758914577094,0.9289437363232388,-0.0011647554392200249,True,False,True,True,True,True,2f31b44e603283bdeda406892c373a7edbd5b82457eed967a0806ba9e4845ac9,006fdd89e6e599f2b1f3078d83130212543139039404fc57c36c6b839c9767b0
p25-short-mid,xiezi3_LYX_0708,xiezi,True,False,166,0,-0.34982875006350467,0.0,-0.02777801707387159,0.9567523672601745,0.01101666110626775,True,False,True,True,True,True,8d76a529955df0a2a182e299fc7db4a658267797ba9aba81b3920c3744dc969e,852a190428f2917ec61356bc3dd6d5fb8662794b242f49e864e8e112c3f85eaa
p25-short-mid,xiezi4_LYX_0708,xiezi,True,False,165,0,-0.0888887668157059,-0.03636363636363636,-0.025409363367291035,0.9477535691312137,-0.014366384847196573,True,False,True,True,True,True,f186842f6a5d3edd0600f4501884b886e22f5d6c9223987dd2fb9af0dfc4706b,b73428e1bbaf3c89e8d7e85513edf640c373b75feecdd1f0898703b6d880a610
p25-long-mid,jianpan1_LYX_0708,jianpan,True,False,165,0,-1.094299735381414,-0.012121212121212121,-0.09956190532809872,0.8596864331403451,-0.07413123702913824,True,False,False,True,True,True,26a5b85fe3a3217a6d699bd08ea21a9b50d98eff2ba9f173108e77c1a27ba8df,731f464103433d37e1317a06c00ffb45a9cacea631c28420d3c013265d2c1563
p25-long-mid,jianpan2_LYX_0708,jianpan,True,False,166,0,-0.4622213966839408,0.012048192771084338,-0.05732813744232246,0.8860559064724088,-0.08708700976828664,True,False,True,True,True,True,fc5a1af9be3ae1d6520ef0079efb75000ba7db4d1949cb2069c965d9173288bd,95a72ef9cfae986b77e8793166234a9a2891fad658f9717d36a4c60203bba59f
p25-long-mid,jianpan3_LYX_0708,jianpan,True,False,172,0,-0.030932997344238655,0.0,-0.037006699968953755,0.9609696478231049,-0.12075099980729401,True,False,True,True,True,True,eccc760278ceca4019921e0c748943d5928241c6244dd12b1e0c333d1248dd0b,4f1580ebfb7036f71de4d0ec891d2b9f4ba218c9c428f09b232584989a3adb8d
p25-long-mid,kaihe1_LYX_0613,kaihe,True,True,199,0,0.39636382190861097,0.03015075376884422,-0.01895352354411206,0.9680947732407287,-0.09648030505572437,True,True,True,True,True,True,ab35c4daa32f5b0078c089f3455e4b2e33689a9935a37b697291da2bc6c39691,b367fe2b1623e2adbb27b1b474429bf57372def29d99329ed4efc6a7f0658b5f
p25-long-mid,kaihe1_LYX_0617,kaihe,True,False,201,0,0.07170849510523691,0.004975124378109453,-0.03391179793073096,0.9410389085225989,-0.07704338251919494,True,False,True,True,True,True,3bf15f6068dcc35f46efbdfafcab303abe7c644571dac3a93468efc4ed278ae1,4095c3409375c56d4b7561ab36ff303ad87c96e4adb463a095c0a79a8d622330
p25-long-mid,kaihe3_LYX_0613,kaihe,True,False,201,0,0.30575634683823516,-0.04477611940298507,-0.030231206994796922,0.9840263184471875,-0.09095756980548479,True,False,True,True,True,True,510b6b1b978bf768fa7092a369e6010117e2c82ac22363ef2580f9dfe0c665b3,8c0d463753399195fb020f7b6ca7c3f6110e5f84d02f5274069d10002a9600d0
p25-long-mid,run1_LYX_0708,run,True,True,226,0,2.1528137631335094,0.048672566371681415,0.046057266939467684,1.2988079909367527,-0.030360985506725113,True,True,True,True,True,True,54da76ac498a1766d7dc72b97d8a9a32a6a8c6f88324e320196ee13bbeb016e2,08115cdb443c65b1d389483b8381e3311a5862c8e47944fb9b4f50e3d0588cce
p25-long-mid,run2_LYX_0708,run,True,True,228,0,0.2289076386202169,-0.013157894736842105,0.009266886211146616,1.0255671887079103,-0.12774155421307187,True,True,True,True,True,True,e4e631a687d0f740985b847074bef040fefcf9adde70d31e896ffadd3689f6e0,1ac63d98364e73b531a31daeb1b3757265c1471cace1d2953b052ed0184b5540
p25-long-mid,run3_LYX_0708,run,True,False,316,0,-0.20989930095554454,-0.015822784810126583,-0.031661172706063445,0.9573415939865406,-0.060163018392692835,True,False,True,True,True,True,df545dafb478b7fc09019ff303385e19c68f429014f07a545d28cd7975d339a7,65e6bea2ee9c26b3a9a49b710c4a174b342f223a984f7f924ec8d395dfd3ea60
p25-long-mid,xiezi2_LYX_0708,xiezi,True,False,164,0,-0.509384952344325,0.018292682926829267,-0.06845596249607594,0.9334308996738481,-0.035739883805457985,True,False,False,True,True,True,c72362c1b58e25fcce1540e5872298d53898ed621f17bd98f56cf31c964bd5bf,e4b680bed753087221ee45ba2b1fef73e8ac0559f8a2374d3cead6a5520bdb65
p25-long-mid,xiezi3_LYX_0708,xiezi,True,False,166,0,-0.7227804593850142,0.0,-0.06875202885155096,0.9176083558599247,-0.02568024162362347,True,False,False,True,True,True,a9e1fcc0f4dd082192b732deacb27b42131fd3caf655d42ef11b4793e01ce568,502c119a5d8e403b86d90a9839651a9e3d9f1ff67a4c1b6db0305f5bf057369e
p25-long-mid,xiezi4_LYX_0708,xiezi,True,False,165,0,-0.41337859645818575,-0.012121212121212121,-0.034494826126212436,0.9201569357151625,-0.03039772730252177,True,False,True,True,True,True,e133955a608924fcdda587b02b993e237da330921aafcb7f1a01b10d0364704a,04c71fa9a753400c6252b8aaacbc48ee4203ea09fa610e3c0a1c2a3acc47d7b5
